no,분류1,분류2,글자수,문구
1.0,인사말,격식있게,112.0,안녕하세요. 자녀의 학업 성취와 성장을 위한 관심과 협조에 깊이 감사드립니다. 이번 달 학생의 학습 분석 및 관찰 결과를 전해 드립니다. 자녀의 발전을 위한 소중한 참고 자료로 활용해 주시기 바랍니다.
2.0,인사말,격식있게,105.0,학부모님께 인사드립니다. 한 달간 자녀의 학습 과정을 세심히 관찰한 결과를 공유해 드립니다. 학생의 성장과 발전을 위해 함께 노력하는 마음으로 이 분석표를 작성하였으니 참고하시길 바랍니다.
3.0,인사말,격식있게,100.0,"안녕하십니까? 이번 달 자녀의 학업 성취도와 행동 발달에 관한 종합 분석을 전해 드립니다. 학생의 강점과 개선점을 객관적으로 평가하였으니, 가정에서의 지도에 도움이 되길 바랍니다."
4.0,인사말,격식있게,107.0,존경하는 학부모님께 드립니다. 자녀의 학업 진전과 성장 과정을 담은 월간 분석표입니다. 학생의 잠재력을 최대한 발휘할 수 있도록 교육 현장과 가정의 연계를 통해 함께 지원해 나가길 희망합니다.
5.0,인사말,격식있게,104.0,"학부모님, 안녕하세요. 학생의 한 달간 학습 활동과 발전 상황을 정리하여 보내드립니다. 자녀의 성장 과정에 함께하는 마음으로 작성하였으니, 앞으로의 학습 방향 설정에 참고하시기 바랍니다."
6.0,인사말,격식있게,98.0,안녕하십니까? 학생의 이번 달 학습 태도와 성과에 대한 종합적인 평가를 전해 드립니다. 본 분석표를 참고하시어 가정에서도 지속적인 관심과 격려 부탁드립니다. 항상 감사드립니다.
7.0,인사말,격식있게,109.0,학부모님께 인사드립니다. 한 달 동안의 교육 과정에서 관찰된 자녀의 학습 상황과 행동 특성을 분석하여 보내드립니다. 학생의 균형 있는 성장을 위해 학습뿐만 아니라 다른 부분도 꼼꼼히 살피겠습니다.
8.0,인사말,격식있게,99.0,안녕하세요. 이번 달 자녀의 학업 성취와 발전 과정을 담은 분석표를 보내드립니다. 학생의 역량과 가능성을 최대한 발현시키기 위한 학부모님의 지속적인 관심과 협조에 감사드립니다. 
9.0,인사말,격식있게,104.0,"학부모님, 자녀의 월간 학습 성과와 행동 특성에 관한 분석 내용을 전달해 드립니다. 학생의 전인적 성장을 위해 학습적 분석뿐 아니라, 학원 내 생활 등 정성적인 관찰도 놓치지 않겠습니다."
10.0,인사말,격식있게,103.0,"학부모님께 드립니다. 학생의 학업 성취도와 발전 가능성을 담은 월간 분석표입니다. 자녀의 성장을 위한 교육 방향을 함께 모색하고자 하오니, 궁금하신 점은 언제든 문의해 주시기 바랍니다."
11.0,인사말,격식있게,116.0,"학부모님, 안녕하세요. 자녀의 학업 성취와 인성 발달을 위해 항상 관심과 지원을 아끼지 않으시는 모습에 깊은 감사를 드립니다. 이번 달 학습 과정과 성장을 관찰한 분석 결과를 전해드리니, 참고하시길 바랍니다."
12.0,인사말,격식있게,116.0,학부모 반갑습니다. 이번 달 교육 활동 속에서 자녀의 성장과 변화를 면밀히 지켜보며 작성한 분석표입니다. 학생의 강점을 더욱 발전시키고 부족한 부분을 보완할 수 있도록 학원에서도 최선으로 노력해 나가겠습니다.
13.0,인사말,격식있게,116.0,"안녕하십니까? 자녀의 학업 성취와 성장을 위한 지속적인 관심에 감사드립니다. 이번 달 학생의 학습 태도, 이해도, 참여도 등을 종합적으로 분석한 결과를 공유해 드리오니, 대화와 격려에 활용해 주시기 바랍니다."
14.0,인사말,격식있게,118.0,안녕하세요. 자녀의 교육적 성장을 위해 항상 협조해 주시는 학부모님께 감사의 말씀을 전합니다. 이번 달 학생의 학습 활동과 성과를 객관적으로 분석하여 정리했습니다. 자녀와의 대화와 격려에 활용해 주시기 바랍니다.
15.0,인사말,격식있게,118.0,"학부모님께 드립니다. 한 달간 자녀의 학습 과정을 세심히 관찰하며 작성한 분석표입니다. 학생의 학업 성취뿐만 아니라 정서적, 사회적 발달까지 고려하여 평가하였으니, 전인적 성장을 위한 지도에 참고하시기 바랍니다."
16.0,인사말,격식있게,117.0,"자녀의 교육을 위한 끊임없는 지원과 관심에 깊은 감사를 드립니다. 이번 달 학생의 학습 성과와 행동 특성을 종합적으로 분석한 결과를 전달해 드리오니, 가정에서의 교육 방향 설정에 도움이 되길 진심으로 바랍니다."
17.0,인사말,격식있게,114.0,"안녕하세요. 자녀의 학업 성취를 위해 항상 협력해 주셔서 감사합니다. 이번 달 학생의 학습 태도와 성과, 그리고 발전 가능성에 대한 분석 내용을 정리했습니다. 학생의 균형 있는 성장을 위해 노력하겠습니다."
18.0,인사말,격식있게,116.0,"학부모님께 인사드립니다. 자녀의 교육적 성장을 위한 관심과 지원에 감사드립니다. 한 달간의 교육 과정에서 관찰된 학생의 학습 상황과 발전 과정을 상세히 분석하였으니, 소중한 자료로 활용해 주시길 부탁드립니다."
19.0,인사말,격식있게,115.0,"자녀의 학업과 인성 발달을 위해 관심을 가져 주시는 학부모님께 감사의 마음을 전합니다. 이번 달 학생의 학습 활동과 성취도를 면밀히 관찰하고 분석한 결과를 공유드리니, 성장을 위한 길잡이로 참고 해 주세요."
20.0,인사말,격식있게,110.0,"학부모님께 드립니다. 자녀의 교육을 위한 헌신과 협조에 진심으로 감사드립니다. 이번 달 학생의 학업 성취와 행동 특성에 대한 종합적인 분석을 정리하였으니, 소중한 자료로 활용해 주시길 부탁드립니다."
21.0,인사말,격식있게,115.0,"안녕하십니까? 자녀의 학업 성취를 위한 지속적인 관심과 지원에 깊은 감사를 드립니다. 이번 달 학생의 학습 과정과 발전 상황을 객관적으로 분석한 내용을 전달해 드리오니, 자녀와의 소통에 참고하시길 바랍니다."
22.0,인사말,격식있게,116.0,안녕하세요. 자녀의 교육적 성장을 위해 항상 협력해 주시는 학부모님께 감사의 인사를 전합니다. 한 달간의 교육 활동을 통해 관찰된 학생의 학습 태도와 성과를 분석한 결과입니다. 학생과의 소통에 참고 바랍니다.
23.0,인사말,격식있게,118.0,"안녕하세요. 자녀의 학업 성취와 전인적 성장을 위한 관심과 노력에 감사드립니다. 이번 달 학생의 학습 활동과 발전 과정을 세심히 관찰하고 분석한 결과를 전해드리니, 가정에서의 교육 지원에 활용해 주시기 바랍니다."
24.0,인사말,격식있게,114.0,"학부모님, 녀의 교육을 위한 끊임없는 관심과 지원에 진심으로 감사드립니다. 이번 달 학생의 학업 성취도와 행동 특성을 종합적으로 평가한 분석표입니다. 학생의 균형 있는 성장을 위해 참고해 주시길 바랍니다."
25.0,인사말,격식있게,110.0,안녕하십니까? 자녀의 학업과 인성 발달을 위한 지속적인 관심에 감사드립니다. 한 달간 학생의 학습 과정과 성장을 면밀히 관찰한 결과를 정리하였습니다. 관찰 결과를 기반으로 많은 소통을 부탁드립니다.
26.0,인사말,격식있게,116.0,"안녕하세요. 자녀의 교육을 위해 항상 관심과 협조를 아끼지 않으시는 모습에 깊은 감사를 드립니다. 이번 달 학생의 학습 태도와 성과, 발전 가능성을 종합적으로 분석한 결과를 전해드리오니, 참고하시기 바랍니다."
27.0,인사말,격식있게,116.0,학부모님께 인사드립니다. 자녀의 학업 성취와 전인적 성장을 위해 끊임없이 노력해 주셔서 감사합니다. 이번 달 학생의 학습 활동과 행동 특성을 면밀히 관찰하여 분석한 내용을 전달해 드립니다. 참고 부탁드립니다.
28.0,인사말,격식있게,116.0,안녕하세요. 자녀의 교육을 위한 노고에 깊은 감사의 마음을 전합니다. 이번 달 학생의 학업 성취도와 성장 과정을 세심히 분석하여 정리한 종합 분석표를 전달드립니다. 가정에서 자녀와의 소통에 도움되길 바랍니다.
29.0,인사말,격식있게,118.0,"학부모님, 안녕하십니까? 자녀의 학업 성취와 인성 발달을 위해 늘 관심과 격려를 보내주셔서 감사합니다. 이번 달 학생의 학습 태도, 이해도, 참여도 등을 종합적으로 분석한 결과를 공유해 드립니다. 참고 바랍니다."
30.0,인사말,격식있게,108.0,"자녀의 교육을 위해 끊임없이 노력해 주시는 모습에 깊은 감사를 드립니다. 이번 달 학생의 학습 활동과 성과, 그리고 앞으로의 발전 가능성을 객관적으로 분석하여 정리하였습니다. 참고 부탁드립니다."
1.0,인사말,친근하게,118.0,"안녕하세요. 열심히 공부한 우리 학생의 이야기를 전해 드려요. 나날이 발전하는 모습을 지켜보며 저도 기뻤답니다. 자녀의 성장을 이해하시는 데 도움이 되길 바라며, 궁금한 점이 있으시면 언제든지 편하게 연락주세요!"
2.0,인사말,친근하게,118.0,"안녕하세요. 이번 달 학생의 학습 여정을 담아 보내드립니다. 작은 도전에도 포기하지 않는 모습이 인상적이었어요. 이 분석표가 자녀의 성장을 응원하는 데 도움이 되길 바라며, 궁금하신 점 언제든 편하게 연락주세요."
3.0,인사말,친근하게,105.0,자녀를 열심히 지지하고 계신 학부모님께 한 달간의 과정을 정리해 보내 드려요. 매 수업마다 집중하는 모습이 정말 멋졌답니다. 자녀의 학습에 대해 궁금하신 점은 언제든 편하게 말씀해 주세요.
4.0,인사말,친근하게,110.0,"안녕하세요! 이번 달 학생의 성장 스토리를 전해드립니다. 질문하고 도전하는 모습에서 큰 발전 가능성을 봤어요. 이 분석이 가정에서의 대화 주제가 되길 바라며, 함께 학생의 성장을 응원했으면 합니다."
5.0,인사말,친근하게,109.0,"학부모님, 안녕하세요! 한 달간의 학습 여정을 담았습니다. 조금씩 자신감을 얻어가는 모습이 보기 좋았어요. 이 분석이 자녀를 더 깊이 이해하는 데 도움이 되길 바라며, 언제든지 편하게 연락주세요."
6.0,인사말,친근하게,109.0,"인사드려요, 학부모님! 이번 달 학생의 배움과 성장을 기록했습니다. 끈기 있게 도전하는 모습이 참 인상적이었어요. 자녀의 발전 과정을 함께 나누게 되어 기쁘며, 궁금한 점은 언제든 물어봐 주세요."
7.0,인사말,친근하게,101.0,안녕하세요! 한 달 동안의 학습 이야기를 전해 드립니다. 매 수업마다 한 걸음씩 성장하는 모습이 보기 좋았어요. 이 분석이 가정에서 자녀를 더 잘 지원하는 데 도움이 되길 바랍니다.
8.0,인사말,친근하게,96.0,"학부모님, 반갑습니다! 이번 달은 특히 문제 해결을 위해 노력하는 모습이 돋보였답니다. 자녀의 성장을 함께 응원하는 마음으로 보내드리니, 궁금한 점은 언제든 말씀해 주세요."
9.0,인사말,친근하게,106.0,"안녕하세요, 학부모님! 한 달간의 배움 여정을 담아 보내드려요. 매 수업마다 적극적으로 참여하는 모습이 인상적이었답니다. 이 분석이 자녀의 성장을 이해하는 데 도움이 되길 진심으로 바랍니다."
10.0,인사말,친근하게,116.0,"안녕하십니까? 이번 달 학생의 성장 스토리를 전해드립니다. 어려운 문제도 포기하지 않고 도전하는 모습이 멋졌어요. 자녀의 학습 여정을 나누게 되어 기쁘며, 자녀 상황에 대해 궁금한 점은 언제든 말씀해 주세요."
11.0,인사말,친근하게,112.0,행복한 일상이 되시고 있는지요. 우리 학생의 한 달간의 학습 과정을 담았습니다. 조금씩 자신만의 학습 방법을 찾아가는 모습이 보기 좋았어요. 이 분석이 자녀의 성장을 응원하는 데 도움이 되길 바랍니다.
12.0,인사말,친근하게,118.0,"항상 행복을 기원합니다. 이번 달 학생의 학습 상황과 학원 생활에 대해 전해드립니다. 질문하고 생각하는 과정에서 큰 성장이 느껴졌답니다. 학생을 함께 응원하는 마음으로 보내드리니, 궁금한 점은 언제든 연락주세요."
13.0,인사말,친근하게,113.0,행복 가득한 하루 되셨길 바랍니다. 자녀의 한 달 동안 학습 과정을 정리했습니다. 새로운 도전에 용기 내는 모습이 참 인상적이었어요. 이 분석이 자녀를 더 잘 이해하고 응원하는 데 도움이 되길 바랍니다.
14.0,인사말,친근하게,114.0,"학부모님 가정에 행복을 바랍니다. 이번 달 학생의 성장 과정을 담아봤어요. 작은 성취에도 기뻐하는 모습이 보기 좋았답니다. 함께 자녀의 발전을 응원하는 마음으로 보내드리니, 궁금한 점은 언제든 연락주세요."
15.0,인사말,친근하게,107.0,"안녕하세요, 학부모님! 한 달간의 배움 스토리를 전해드립니다. 자녀분이 매 수업마다 조금씩 발전하는 모습이 참 뿌듯했어요. 이 분석이 가정에서 자녀를 더 잘 지원하는 데 도움이 되길 바랍니다."
16.0,인사말,친근하게,102.0,"안녕하세요! 이번 달 학생의 학습 과정을 정리했습니다. 어려운 내용도 끈기 있게 도전하는 모습이 멋졌어요. 자녀의 성장을 함께 나누게 되어 기쁘며, 궁금한 점은 언제든 말씀해 주세요."
17.0,인사말,친근하게,117.0,"학부모님, 반갑습니다! 한 달 동안의 학습 이야기를 담았어요. 호기심을 가지고 배움에 임하는 모습이 인상적이었답니다. 이 분석이 자녀의 발전을 응원하는 데 도움이 되길 바랍니다. 궁금한 점은 언제든 연락주세요."
18.0,인사말,친근하게,114.0,"안녕하세요, 학부모님! 이번 달 자녀의 학습 여정을 담은 분석표를 보내드립니다. 수업중 창의적인 아이디어를 내는 모습이 인상적이었어요. 이 내용이 가정에서 자녀를 더 잘 이해하는 데 도움이 되길 바랍니다."
19.0,인사말,친근하게,107.0,반갑습니다! 한 달간의 배움 과정을 정리해 보았습니다. 어려운 문제에 부딪혀도 포기하지 않는 끈기가 돋보였어요. 자녀의 성장을 함께 응원하는 마음으로 보내드리니 자녀와의 대화에 참고해 주세요.
20.0,인사말,친근하게,116.0,"학부모님, 안녕하세요! 자녀의 학습 이야기를 전해드립니다. 다른 친구들과 협력하는 모습이 참 보기 좋았어요. 이 분석이 자녀의 장점을 더 잘 발견하는 데 도움이 되길 바랍니다. 궁금한 점은 언제든 연락주세요."
21.0,인사말,친근하게,103.0,안녕하세요! 이번 달 학생의 성장 기록을 담아 보내드립니다. 수업 시간에 적극적으로 의견을 나누는 모습이 인상적이었어요. 함께 자녀의 성장을 응원해요! 언제든 필요하실 때 연락 주세요.
22.0,인사말,친근하게,115.0,학부모님께 인사드립니다! 한 달간의 학습 여정을 담은 분석표입니다. 새로운 개념을 이해하려 노력하는 모습이 멋졌어요. 자녀의 학습을 더 잘 지원하시는 데 참고하시길 바랍니다. 궁금한 점은 언제든 연락주세요.
23.0,인사말,친근하게,118.0,"반갑습니다, 학부모님! 자녀의 학습 성장을 담은 분석을 전해 드려요. 수업중 집중력이 점점 향상되고 있어 기쁩니다. 이 내용이 자녀를 더 잘 이해하는 데 도움이 되길 바랍니다. 궁금하신 점이 있으시면 연락주세요."
24.0,인사말,친근하게,109.0,안녕하세요! 이번 달 학생의 학습 과정을 정리해 보았습니다. 스스로 문제를 해결하려는 의지가 돋보였어요. 자녀의 성장을 함께 응원하는 마음으로 보내드립니다. 문의사항이 있으시면 언제든 연락주세요.
25.0,인사말,친근하게,116.0,"학부모님, 안녕하세요! 한 달간의 배움 이야기를 전해드립니다. 수업 시간에 꼼꼼하게 필기하는 모습이 인상적이었어요. 이 분석이 자녀의 학습 방향을 설정하는 데 도움이 되길 바랍니다. 언제든 편하게 연락주세요."
26.0,인사말,친근하게,118.0,"안녕하세요,  이번 달 학생의 성장 과정을 담았습니다. 어려운 개념도 차근차근 이해하려 노력하는 모습이 보기 좋았어요. 이 분석이 자녀의 장점을 발견하는 데 도움이 되길 바랍니다. 궁금한 점은 언제든 연락주세요."
27.0,인사말,친근하게,118.0,"안녕하세요, 학부모님! 자녀의 한 달간의 학습 여정을 정리했습니다. 질문을 통해 이해를 넓혀가는 모습이 돋보였어요. 이 분석이 가정에서의 좋은 대화 주제가 되길 바랍니다. 궁금하신 게 있으시면 언제든 연락주세요."
28.0,인사말,친근하게,116.0,학부모님께 인사드립니다! 이번 달 학생의 학습 스토리를 전해 드려요. 친구들과 함께 배우는 과정에서 리더십이 느껴졌답니다. 성장해가는 자녀에게 많은 칭찬과 격려를 부탁드립니다. 궁금한 점은 언제든 연락주세요.
29.0,인사말,친근하게,105.0,반갑습니다! 한 달간의 학습 분석을 보내드립니다. 실수를 통해 배우고 성장하는 모습이 인상적이었어요. 공부가 힘든 시기인데 노력하며 잘 해나가는 아이에게 많은 칭찬과 격려를 부탁드립니다. 
30.0,인사말,친근하게,104.0,안녕하세요! 자녀의 학습과 학원 생활에 대해 면밀하게 관찰한 분석표입니다. 매 수업마다 조금씩 자신감을 키워가는 모습이 보기 좋았어요. 학생의 성장을 응원하며 칭찬과 격려를 부탁드립니다.
1.0,성취도의 변화,좋아지고 있음,104.0,최근 개념 이해도와 문제를 푸는 시각이 눈에 띄게 향상되고 있습니다. 꾸준한 노력의 결과가 점점 나타나고 있어 대견합니다. 앞으로도 작은 성취를 쌓아가며 성장할 수 있도록 응원하겠습니다.
2.0,성취도의 변화,좋아지고 있음,118.0,"최근 수학적 성취도가 더욱 긍정적으로 변화하고 있으며, 개념 이해도 또한 눈에 띄게 향상되고 있습니다. 꾸준한 노력의 결과가 점점 나타나고 있어요. 작은 성취를 차근차근 쌓아가며 성장할 수 있도록 응원하겠습니다."
3.0,성취도의 변화,좋아지고 있음,115.0,"문제를 푸는 속도가 날로 개선되고 있으며, 새로운 개념에 대한 이해력도 눈에 띄게 높아지고 있습니다. 꾸준한 노력의 결실이 맺히고 있어 매우 기쁩니다. 앞으로도 꾸준한 성장을 이룰 수 있도록 지도하겠습니다."
4.0,성취도의 변화,좋아지고 있음,116.0,"최근 문제를 이해하는 정도가 매우 긍정적으로 변화하고 있으며, 개념을 연계하는 능력도 향상되고 있습니다. 꾸준한 노력의 결과가 점점 드러나고 있어 매우 대견합니다. 지속적으로 발전할 수 있도록 지도하겠습니다."
5.0,성취도의 변화,좋아지고 있음,115.0,"수업중 질문의 깊이가 깊어지고 있으며, 개념을 파악하는 능력도 크게 향상되고 있습니다. 꾸준한 학습 태도가 좋은 결과로 이어지고 있어 매우 기쁩니다. 앞으로도 이런 성장세를 유지할 수 있도록 지원하겠습니다."
6.0,성취도의 변화,좋아지고 있음,117.0,"문제 해결 접근법이 체계적으로 변화하고 있으며, 개념에 대한 이해도 눈에 띄게 발전하고 있습니다. 꾸준한 노력이 실력으로 나타나고 있어 대견합니다. 앞으로도 작은 성취들이 모여 큰 성장이 되도록 격려하겠습니다."
7.0,성취도의 변화,좋아지고 있음,116.0,"학습 내용을 응용하는 능력이 점점 향상되고 있으며, 개념 간 연결성을 파악하는 시각도 넓어지고 있습니다. 꾸준한 학습의 결과가 드러나고 있어 매우 기쁩니다. 앞으로도 지속적인 성장을 위해 함께 노력하겠습니다."
8.0,성취도의 변화,좋아지고 있음,116.0,"복잡한 문제에 대한 접근 방식이 개선되고 있으며, 개념 이해도 또한 깊어지고 있습니다. 꾸준히 노력한 결과가 실력으로 나타나고 있어 매우 대견합니다. 앞으로도 자신감을 가지고 성장할 수 있도록 지원하겠습니다."
9.0,성취도의 변화,좋아지고 있음,107.0,응용 문제에 대한 접근 방법과 개념을 응용하는 능력이 향상되고 있습니다. 꾸준한 노력이 좋은 결과로 이어지고 있어 매우 기쁩니다. 앞으로도 작은 진전을 이루며 성장할 수 있도록 지도하겠습니다.
10.0,성취도의 변화,좋아지고 있음,105.0,"문제 해결 전략이 다양해지고 있으며, 새로운 개념을 받아들이는 속도도 빨라지고 있습니다. 꾸준한 학습의 성과가 나타나고 있어 대견합니다. 앞으로도 지속적인 발전을 위해 함께 노력하겠습니다."
11.0,성취도의 변화,좋아지고 있음,117.0,"개념 연계성을 파악하는 능력이 향상되고 있으며, 문제 해결 접근법도 체계적으로 변화하고 있습니다. 꾸준한 노력이 실력으로 드러나고 있어 매우 기쁩니다. 앞으로 작은 성취가 큰 성장으로 이어지도록 응원하겠습니다."
12.0,성취도의 변화,좋아지고 있음,117.0,"문제를 대하는 능력이 더욱 적극적으로 변화하고 있으며, 개념에 대한 질문의 수준도 높아지고 있습니다. 꾸준한 학습 태도가 좋은 결과로 이어지고 있어 대견합니다. 자신감을 가지고 성장할 수 있도록 격려하겠습니다."
13.0,성취도의 변화,좋아지고 있음,113.0,"학습 내용을 정리하는 능력이 향상되고 있으며, 개념 이해도 또한 깊어지고 있습니다. 꾸준한 노력의 결과가 점점 드러나고 있어 매우 기쁩니다. 앞으로도 작은 성취들이 모여 큰 성장이 되도록 지원하겠습니다."
14.0,성취도의 변화,좋아지고 있음,112.0,"문제 해결 과정에서의 논리적 사고가 발전하고 있으며, 개념을 응용하는 능력도 향상되고 있습니다. 꾸준한 학습이 좋은 결과로 이어지고 있어 대견합니다. 앞으로도 지속적인 발전을 위해 함께 노력하겠습니다."
15.0,성취도의 변화,좋아지고 있음,116.0,"학습 내용을 스스로 탐구하는 모습이 늘고 있으며, 개념에 대한 깊은 이해도 발전하고 있습니다. 꾸준한 노력이 실력으로 나타나고 있어 매우 기쁩니다. 앞으로도 체계적으로 꾸준히 성장할 수 있도록 지도하겠습니다."
16.0,성취도의 변화,좋아지고 있음,114.0,문제 해결 능력이 크게 향상되고 있습니다. 개념을 깊이 있게 이해하고 적용하는 모습이 인상적입니다. 꾸준한 노력의 결과가 점점 드러나고 있어 대단히 대견합니다. 지속적으로 성장할 수 있도록 응원하겠습니다.
17.0,성취도의 변화,좋아지고 있음,114.0,"학생의 수학적 사고력이 점차 발전하고 있습니다. 문제를 해결하는 논리적 접근법과 개념 이해도가 향상되고 있어 매우 기쁩니다. 꾸준한 노력의 결과가 드러나고 있으니, 성장할 수 있도록 최대한 지도하겠습니다."
18.0,성취도의 변화,좋아지고 있음,117.0,"수학 문제 해결 능력이 점점 개선되고 있으며, 새로운 개념을 빠르게 습득하는 모습이 인상적입니다. 꾸준한 노력의 결과가 성과로 이어지고 있어 대단히 뿌듯합니다. 자신감을 가지고 발전할 수 있도록 격려하겠습니다."
19.0,성취도의 변화,좋아지고 있음,117.0,"수학 문제 해결 과정에서의 논리적 사고력이 향상되고 있으며, 개념 간 연계성을 파악하는 능력도 발전하고 있습니다. 꾸준한 노력의 결과가 점점 드러나고 있어 매우 기쁩니다. 계속 성장할 수 있도록 지원하겠습니다."
20.0,성취도의 변화,좋아지고 있음,114.0,"수학 문제에 대한 분석력과 응용력이 점점 높아지고 있습니다. 개념 이해도 또한 깊어지고 있어 대단히 대견합니다. 꾸준한 노력이 실력으로 나타나고 있으니, 앞으로도 지속적인 발전을 위해 함께 노력하겠습니다."
21.0,성취도의 변화,좋아지고 있음,115.0,"수학 문제 해결 전략이 점점 다양해지고 있으며, 새로운 개념을 빠르게 습득하는 능력도 향상되고 있습니다. 꾸준한 학습의 성과가 드러나고 있어 매우 기쁩니다. 앞으로도 꾸준히 성장할 수 있도록 격려하겠습니다."
22.0,성취도의 변화,좋아지고 있음,116.0,"수학 문제에 대한 접근 방식이 점점 체계적으로 변화하고 있으며, 개념 간 연결성을 파악하는 능력도 발전하고 있습니다. 꾸준한 노력이 실력으로 나타나고 있어 대단히 대견합니다. 지치지 않도록 잘 지도하겠습니다."
23.0,성취도의 변화,좋아지고 있음,116.0,"수학 수업중 질문의 깊이가 점점 깊어지고 있으며, 개념을 응용하는 능력도 크게 향상되고 있습니다. 꾸준한 학습 태도가 좋은 결과로 이어지고 있어 매우 기쁩니다. 성장세를 유지할 수 있도록 함께 노력하겠습니다."
24.0,성취도의 변화,좋아지고 있음,118.0,"수학 문제 해결 과정에서의 논리적 사고력이 발전하고 있으며, 새로운 개념을 빠르게 이해하는 능력도 향상되고 있습니다. 꾸준한 노력이 좋은 결과로 이어지고 있어 매우 대견합니다. 흥미 잃지 않게 잘 지도하겠습니다."
25.0,성취도의 변화,좋아지고 있음,115.0,"수학 학습 내용을 스스로 정리하고 탐구하는 모습이 늘고 있으며, 개념에 대한 깊이 있는 이해도 발전하고 있습니다. 꾸준한 노력이 실력으로 나타나고 있어 매우 기쁩니다. 지속적인 성장을 목표로 지도하겠습니다."
26.0,성취도의 변화,좋아지고 있음,116.0,"수학 문제를 대하는 태도가 더욱 적극적으로 변화하고 있으며, 개념에 대한 질문의 수준도 높아지고 있습니다. 꾸준한 학습 태도가 좋은 결과로 이어지고 있어 대단히 대견합니다. 자신감을 잃지 않게 지도하겠습니다."
27.0,성취도의 변화,좋아지고 있음,118.0,"개념 간 연결성을 파악하는 시각이 넓어지고, 개념을 응용하여 문제를 해결하는 능력이 향상되고 있습니다. 꾸준한 학습이 좋은 결실을 맺고 있는 거 같아 기쁩니다. 앞으로도 지속적인 성장을 위해 함께 노력하겠습니다."
28.0,성취도의 변화,좋아지고 있음,116.0,"복잡한 수학 문제에 대한 접근 방식이 개선되고 있으며, 개념 이해도 깊어지고 있습니다. 꾸준한 노력의 결과가 실력으로 나타나고 있어 매우 대견합니다. 앞으로도 자신감을 가지고 성장할 수 있도록 지원하겠습니다."
29.0,성취도의 변화,좋아지고 있음,118.0,개념 이해력이 탄탄해지고 이를 바탕으로 수학 학습 내용을 정리하는 능력이 향상되고 있습니다. 꾸준한 노력의 결과가 점점 드러나고 있어 매우 기쁩니다. 앞으로도 작은 성취들이 모여 큰 성장이 되도록 지원하겠습니다.
30.0,성취도의 변화,좋아지고 있음,116.0,수학 문제 해결 과정에서의 논리적 사고와 개념 응용 능력이 발전하고 있습니다. 꾸준한 학습이 좋은 결과로 이어지고 있어 대단히 대견합니다. 개념의 완벽한 이해를 통한 문제 풀이를 할 수 있도록 지도하겠습니다.
1.0,성취도의 변화,더 높은 난이도 도전,108.0,수학 문제 해결 능력이 안정적으로 이어지고 있습니다. 개념을 깊이 있게 이해하고 적용하는 모습이 인상적입니다. 지금보다 좀더 복합적 문제 해결을 통해 지속적으로 성장할 수 있도록 응원하겠습니다.
2.0,성취도의 변화,더 높은 난이도 도전,117.0,"수학적 사고력이 일관되게 발휘되고 있습니다. 문제를 해결하는 논리적 접근법과 개념 이해도가 변함없이 좋은 상태입니다. 현재 레벨에서 균형 잡힌 실력을 계속 보여주고 있으니, 좀더 공격적인 학습을 진행하겠습니다."
3.0,성취도의 변화,더 높은 난이도 도전,118.0,"문제 해결 능력이 좋은 모습을 보여주고 있으며, 새로운 개념을 빠르게 습득하는 모습이 인상적입니다. 자신감을 가지고 있으니 다양한 유형과 높은 난이도 문제 해결을 통해 지속적으로 발전할 수 있도록 지도하겠습니다."
4.0,성취도의 변화,더 높은 난이도 도전,107.0,"수학적 사고력이 안정적인 모습을 보여주고 있으며, 개념 간 연결성을 파악하는 능력이 돋보입니다. 현재의 실력을 바탕으로 더 복잡한 문제에 도전하며 사고의 깊이를 넓힐 수 있도록 지원하겠습니다."
5.0,성취도의 변화,더 높은 난이도 도전,114.0,"문제의 해결에 있어 논리적 접근 방식이 체계적으로 유지되고 있으며, 개념 이해도 또한 탄탄합니다. 이러한 기초를 토대로 응용력을 더욱 발전시킬 수 있는 심화 문제에 지속 도전해 볼 수 있게 지도하겠습니다."
6.0,성취도의 변화,더 높은 난이도 도전,116.0,"꾸준한 성취도를 유지중입니다. 문제 분석 능력이 뛰어나며, 해결 전략을 효과적으로 적용하는 모습이 인상적입니다. 앞으로는 더 다양한 유형의 문제를 접하며 문제 해결 능력의 폭을 넓힐 수 있도록 지도하겠습니다."
7.0,성취도의 변화,더 높은 난이도 도전,100.0,"개념 이해력이 견고하게 유지되고 있으며, 이를 문제 해결에 적절히 활용하는 모습이 돋보입니다. 이제는 더 높은 수준의 문제에 도전하여 사고의 깊이를 더할 수 있도록 격려하겠습니다."
8.0,성취도의 변화,더 높은 난이도 도전,104.0,"학습 내용을 체계적으로 정리하는 능력이 뛰어나며, 이를 바탕으로 문제 해결에 접근하는 모습이 인상적입니다. 앞으로는 더 복잡한 상황에서의 문제 해결 능력을 키울 수 있도록 지원하겠습니다."
9.0,성취도의 변화,더 높은 난이도 도전,105.0,"수학적 개념을 정확히 이해하고 있으며, 이를 다양한 상황에 적용하는 능력이 돋보입니다. 지금의 실력을 바탕으로 더 높은 난이도의 문제에 도전하여 지속적으로 성장할 수 있도록 지도하겠습니다."
10.0,성취도의 변화,더 높은 난이도 도전,115.0,"문제 해결 과정에서의 논리적 사고가 일관되게 발휘되고 있으며, 효율적인 해결 방법을 찾는 능력이 인상적입니다. 이제는 현재 수준보다는 더 복잡한 문제에 도전하여 사고의 깊이를 더할 수 있도록 지도하겠습니다."
11.0,성취도의 변화,더 높은 난이도 도전,105.0,"개념 응용 능력이 안정적으로 유지되고 있으며, 다양한 문제 상황에 적절히 대처하는 모습이 돋보입니다. 앞으로는 더 높은 수준의 문제를 통해 사고력을 더욱 발전시킬 수 있도록 지원하겠습니다."
12.0,성취도의 변화,더 높은 난이도 도전,113.0,"수학적 개념을 체계적으로 이해하고 있으며, 이를 문제 해결에 효과적으로 활용하는 모습이 인상적입니다. 지금의 실력을 바탕으로 더 다양한 유형의 문제에 도전하여 지속적으로 성장할 수 있도록 지도하겠습니다."
13.0,성취도의 변화,더 높은 난이도 도전,112.0,"문제 해석 능력이 뛰어나며, 적절한 해결 전략을 선택하는 판단력이 돋보입니다. 현재의 성취도 성장에 따라 이제는 조금씩 더 높은 난이도의 문제를 통해 사고의 깊이와 폭을 넓힐 수 있도록 지도하겠습니다."
14.0,성취도의 변화,더 높은 난이도 도전,114.0,"수학적 개념을 정확히 파악하고 있으며, 이를 문제 상황에 맞게 적용하는 능력이 인상적입니다. 앞으로는 더 복잡한 문제에 도전하여 응용력을 더욱 발전시켜 어떤 상황에서도 해결할 수 있는 능력을 키우겠습니다."
15.0,성취도의 변화,더 높은 난이도 도전,110.0,"논리적 사고력이 안정적으로 발휘되고 있으며, 효율적인 문제 해결 방법을 찾는 능력이 돋보입니다. 지금의 실력을 바탕으로 더 다양한 유형의 문제에 도전하여 지속적으로 성장할 수 있도록 지도하겠습니다."
16.0,성취도의 변화,더 높은 난이도 도전,106.0,"개념 간 연결성을 잘 파악하고 있으며, 이를 문제 해결에 효과적으로 활용하는 모습이 인상적입니다. 앞으로는 지금보다 더 높은 수준의 문제를 통해 사고의 깊이를 더할 수 있도록 지도하겠습니다."
17.0,성취도의 변화,더 높은 난이도 도전,114.0,"수학적 사고력이 체계적으로 유지되고 있으며, 다양한 문제 상황에 적절히 대처하는 능력이 돋보입니다. 이제는 학생의 수준에 맞게 더 복잡한 문제에 도전하여 문제 해결 능력의 폭을 넓힐 수 있도록 하겠습니다."
18.0,성취도의 변화,더 높은 난이도 도전,109.0,"수학 개념을 정확하게 이해하고 있으며, 문제 풀이 패턴을 잘 파악하고 있습니다. 지금의 안정적인 실력을 바탕으로 조금 더 난이도 높은 문제에 도전하여 사고의 확장을 이룰 수 있도록 지도하겠습니다."
19.0,성취도의 변화,더 높은 난이도 도전,113.0,"기본 개념에 대한 이해가 탄탄하며, 이를 바탕으로 한 문제 해결력이 일정하게 유지되고 있습니다. 이제는 한 단계 높은 수준의 응용 문제로 접근하여 더 깊은 사고력을 키울 수 있도록 수업을 진행하겠습니다."
20.0,성취도의 변화,더 높은 난이도 도전,103.0,수학적 원리를 정확히 이해하고 문제에 적용하는 능력이 안정적입니다. 현재 보여주는 실력을 기반으로 좀 더 복합적인 상황의 문제들을 해결해 보며 사고의 폭을 넓혀갈 수 있도록 하겠습니다.
21.0,성취도의 변화,더 높은 난이도 도전,109.0,계산 능력과 문제 해결 전략이 균형 있게 발휘되고 있습니다. 앞으로는 여러 개념이 결합된 통합적 문제를 통해 더 높은 차원의 사고력을 기를 수 있도록 단계적으로 지도하겠습니다. 격려 부탁드립니다.
22.0,성취도의 변화,더 높은 난이도 도전,103.0,기본기가 탄탄하게 잡혀 있어 문제 해결에 있어 안정적인 모습을 보여주고 있습니다. 이제는 다양한 접근법이 필요한 문제들을 통해 사고의 유연성을 더욱 발전시킬 수 있도록 지원하겠습니다. 
23.0,성취도의 변화,더 높은 난이도 도전,114.0,수학적 개념의 연결성을 이해하고 문제에 적용하는 능력이 꾸준합니다. 지금의 실력에서 한 단계 더 도약할 수 있도록 깊이 있는 사고를 요구하는 문제들에 점진적으로 도전해 보겠습니다. 많은 격려 부탁드립니다.
24.0,성취도의 변화,더 높은 난이도 도전,115.0,"문제 해결을 위한 전략 선택이 적절하며, 개념 적용 능력이 안정적입니다. 현재의 좋은 실력을 더욱 발전시키기 위해 다각적 사고가 필요한 문제들로 학습의 깊이를 더해 가겠습니다. 가정에서도 응원 부탁드립니다."
25.0,성취도의 변화,더 높은 난이도 도전,118.0,수학적 직관과 논리적 사고가 조화롭게 발휘되고 있습니다. 이제는 실생활 연계 문제나 다소 복잡한 상황의 문제를 통해 응용력을 한층 더 강화할 수 있도록 지도하겠습니다. 잠시 어려워할 수 있으니 격려 부탁드립니다.
26.0,성취도의 변화,더 높은 난이도 도전,111.0,개념 이해와 문제 해결 능력이 균형을 이루며 안정적으로 유지되고 있습니다. 앞으로는 다양한 유형의 도전적인 문제를 통해 사고의 확장과 깊이를 동시에 발전시킬 수 있도록 하겠습니다. 응원 부탁드립니다.
27.0,성취도의 변화,더 높은 난이도 도전,116.0,기초부터 응용까지 전반적인 이해도가 고르게 유지되고 있습니다. 지금의 탄탄한 기반 위에 더 높은 수준의 문제 해결 능력을 쌓을 수 있도록 체계적으로 지도하겠습니다. 잠시 어려워할 수 있으니 격려 부탁드립니다.
28.0,성취도의 변화,더 높은 난이도 도전,115.0,"문제의 핵심을 파악하는 능력이 뛰어나며, 해결 과정이 논리적입니다. 이제는 여러 개념이 융합된 복합적 문제에 도전하여 더욱 심화된 사고력을 키울 수 있도록 지원하겠습니다. 가정에서도 많은 격려 부탁드립니다."
29.0,성취도의 변화,더 높은 난이도 도전,107.0,"수학적 사고의 기본기가 잘 갖춰져 있으며, 문제 해결에 있어 일관된 모습을 보여주고 있습니다. 앞으로는 창의적 접근이 필요한 문제들을 통해 사고의 유연성을 더욱 발전시킬 수 있도록 하겠습니다."
30.0,성취도의 변화,더 높은 난이도 도전,109.0,개념 간 관계를 이해하고 문제에 적용하는 능력이 안정적입니다. 현재의 실력을 바탕으로 좀 더 깊이 있는 사고를 요구하는 문제들에 단계적으로 도전하여 지속적인 성장을 이룰 수 있도록 지도하겠습니다.
1.0,성취도의 변화,일시적 하락 보완 필요,105.0,최근 학습 집중도가 조금 낮아진 모습이 보입니다. 어려운 개념에서 잠시 멈추는 것은 자연스러운 과정이니 걱정하지 않으셔도 됩니다. 더 관심을 기울이며 학습 흐름을 잡아가도록 지도하겠습니다.
2.0,성취도의 변화,일시적 하락 보완 필요,117.0,"최근 새로운 개념을 배우는 과정에서 성취도가 잠시 주춤한 모습을 보이고 있습니다. 하지만 이는 자연스러운 현상이므로, 기초부터 차근차근 다시 점검하며 개념을 탄탄히 다질 수 있도록 관심을 기울여 지도하겠습니다."
3.0,성취도의 변화,일시적 하락 보완 필요,118.0,"이번 단원에서는 난이도가 높아지면서 학습 이해도가 이전보다 다소 낮아진 모습입니다.  많은 학생들이 겪는 일시적인 과정이므로, 개념의 연결성을 통한 다양한 문제 해결을 통해 자신감을 회복할 수 있도록 돕겠습니다."
4.0,성취도의 변화,일시적 하락 보완 필요,117.0,"최근 문제 해결 속도와 정확도가 조금 떨어지는 모습이 보이는데, 이는 더 복잡한 개념으로 진입하는 과정에서 나타나는 일시적인 현상입니다. 개념 이해를 다시 점검하고 단계적으로 접근하여 체계적으로 지도하겠습니다."
5.0,성취도의 변화,일시적 하락 보완 필요,115.0,"이번 단원에서 학습 성취도가 다소 낮아진 것이 관찰되는데, 이는 사고의 깊이가 요구되는 부분으로 대부분의 학생들이 어려워하는 부분입니다. 더 많은 예제와 설명을 통해 자신감을 가질 수 있도록 지도하겠습니다."
6.0,성취도의 변화,일시적 하락 보완 필요,110.0,"최근 개념 이해도가 이전보다 다소 낮아진 모습인데, 이는 추상적 사고력이 요구되는 과정에서 나타나는 자연스러운 현상입니다. 다양한 접근으로 개념을 쉽게 이해할 수 있도록 더욱 관심을 기울이겠습니다."
7.0,성취도의 변화,일시적 하락 보완 필요,115.0,"최근 학습 성취도가 조금 주춤한 상태인데, 이는 여러 개념이 복합적으로 적용되는 단계로 많은 학생들이 어려움을 겪는 부분입니다. 기본 개념부터 차근차근 연결하며 이해할 수 있도록 더 세심하게 지도하겠습니다."
8.0,성취도의 변화,일시적 하락 보완 필요,115.0,"어려운 문제 해결이 다소 저하된 모습이 보이는데, 이는 사고의 확장이 필요한 단계로 접어들면서 나타나는 일시적인 현상입니다. 단계적으로 접근하며 자신감을 회복할 수 있도록 더욱 관심을 기울여 지도하겠습니다."
9.0,성취도의 변화,일시적 하락 보완 필요,116.0,"이번 단원에서는 학습 이해도가 이전보다 다소 낮아졌는데, 이는 논리적 사고력이 더욱 요구되는 과정으로 대부분의 학생들이 적응 기간을 필요로 합니다. 다양한 예제를 통해 이해를 돕도록 체계적으로 접근하겠습니다."
10.0,성취도의 변화,일시적 하락 보완 필요,116.0,"최근 개념 적용 능력이 조금 떨어지는 모습인데, 이는 더 높은 수준의 단계로 넘어가는 과정에서 자연스럽게 나타나는 좋은 현상입니다. 약점을 보완하고 난이도를 높여가며 자신감을 회복할 수 있도록 지도하겠습니다."
11.0,성취도의 변화,일시적 하락 보완 필요,105.0,최근 학습 집중도가 조금 낮아진 모습이 보입니다. 어려운 개념에서 잠시 멈추는 것은 자연스러운 과정이니 걱정하지 않으셔도 됩니다. 더 관심을 기울이며 학습 흐름을 잡아가도록 지도하겠습니다.
12.0,성취도의 변화,일시적 하락 보완 필요,116.0,"최근 새로운 개념을 배우는 과정에서 성취도가 잠시 주춤한 모습을 보이고 있습니다. 이는 자연스러운 현상이므로, 기초부터 차근차근 다시 점검하며 개념을 탄탄히 다질 수 있도록 더욱 관심을 기울여 지도하겠습니다."
13.0,성취도의 변화,일시적 하락 보완 필요,114.0,"이번 단원에서는 난이도가 높아지면서 학습 이해도가 이전보다 다소 낮아진 모습입니다. 이는 많은 학생들이 겪는 일시적인 과정으로, 개념 이용한 다양한 문제 해결을 통해 자신감을 회복할 수 있도록 돕겠습니다."
14.0,성취도의 변화,일시적 하락 보완 필요,117.0,"최근 문제 해결 속도와 정확도가 조금 떨어지는 모습이 보이는데, 이는 더 복잡한 개념으로 진입하는 과정에서 나타나는 일시적인 현상입니다. 개념 이해를 다시 점검하고 단계적으로 접근하여 체계적으로 지도하겠습니다."
15.0,성취도의 변화,일시적 하락 보완 필요,115.0,이번 단원에서 학습 성취도가 다소 낮아진 것이 관찰됩니다. 이는 사고의 깊이가 요구되는 부분으로 대부분의 학생들이 어려워하는 부분입니다. 더 많은 예제와 설명을 통해 자신감을 가질 수 있도록 지도하겠습니다.
16.0,성취도의 변화,일시적 하락 보완 필요,117.0,최근 수학 문제 해결력이 다소 주춤한 모습을 보이고 있으나 새로운 개념을 배우는 과정에서 나타나는 일시적인 현상이므로 걱정하지 않으셔도 됩니다. 체계적으로 살펴보며 개념 이해도를 높일 수 있도록 지도하겠습니다.
17.0,성취도의 변화,일시적 하락 보완 필요,114.0,성취도가 이전보다 다소 낮아진 것으로 보입니다. 이는 수학적 사고력이 더욱 요구되는 과정에서 나타나는 자연스러운 현상입니다. 다양한 접근 방법을 통해 개념 이해도를 높일 수 있도록 세심하게 지도하겠습니다.
18.0,성취도의 변화,일시적 하락 보완 필요,116.0,최근 문제 해결 능력이 잠시 주춤한 모습을 보이고 있습니다. 이는 새로운 개념을 배우는 과정에서 겪는 일시적인 어려움이므로 걱정하지 않으셔도 됩니다. 다양한 접근으로 자신감을 회복할 수 있도록 지도하겠습니다.
19.0,성취도의 변화,일시적 하락 보완 필요,117.0,최근 일시적인 어려움이 관찰되고 있습니다. 새로운 개념을 습득하는 과정에서 나타나는 자연스러운 현상이므로 걱정하지 않으셔도 됩니다. 기초부터 차근차근 다시 살펴보며 개념 이해도를 높일 수 있도록 지도하겠습니다.
20.0,성취도의 변화,일시적 하락 보완 필요,114.0,이번 단원부터는 수학적 사고력이 더욱 요구되는 단계로 접어들면서 학습 성취도가 이전보다 다소 낮아진 것으로 보입니다. 누구나 겪는 일시적인 현상으로 자신감을 가질 수 있도록 다양한 방법으로 지도하겠습니다.
22.0,성취도의 변화,일시적 하락 보완 필요,116.0,최근 수학 문제 해결 능력이 주춤한 모습을 보이고 있습니다. 이는 새로운 개념 습득 과정에서 겪는 일시적인 어려움이므로 걱정하지 않으셔도 됩니다. 기본 원리를 점검해서 자신감을 높일 수 있도록 지도하겠습니다.
24.0,성취도의 변화,일시적 하락 보완 필요,118.0,이번 단원에서는 학습 이해도가 다소 낮아진 것으로 관찰됩니다. 이는 논리적 사고력이 더욱 요구되는 단계로 접어들면서 나타나는 자연스러운 현상입니다. 다양한 예제를 통해 개념 이해를 돕고 체계적으로 접근하겠습니다.
26.0,성취도의 변화,일시적 하락 보완 필요,116.0,최근 수학 학습에서 일시적인 어려움이 보이고 있습니다. 이는 새로운 개념을 배우는 과정에서 겪는 자연스러운 현상이므로 걱정하지 않으셔도 됩니다. 적절한 난이도 조정으로 자신감을 가질 수 있도록 지도하겠습니다.
28.0,성취도의 변화,일시적 하락 보완 필요,114.0,최근 문제 해결이 잠시 주춤한 모습을 보이고 있습니다. 새로운 개념을 배우는 과정에서 겪는 어려움이므로 걱정 안 하셔도 됩니다. 난이도 조절을 통해 자신감과 성취도를 빠르게 올릴 수 있도록 지도하겠습니다.
30.0,성취도의 변화,일시적 하락 보완 필요,118.0,최근 수학 학습에서 일시적인 어려움이 관찰되고 있습니다. 이는 새로운 개념을 배우는 과정에서 겪는 자연스러운 현상이므로 걱정하지 않으셔도 됩니다. 난이도 조절을 통해 개념 이해도를 높일 수 있도록 지도하겠습니다.
1.0,수업을 따라오는 정도,매우 잘 따라옴,116.0,"수업 내용을 매우 적극적으로 따라오고 있으며, 개념 이해도도 뛰어납니다. 수업중 질문과 참여도가 높아 학습 효과가 극대화되고 있습니다. 이런 열정적인 태도가 지속된다면 앞으로의 성장 가능성이 매우 기대됩니다."
2.0,수업을 따라오는 정도,매우 잘 따라옴,117.0,"진도를 매우 원활하게 따라오며, 새로운 개념도 빠르게 습득하고 있습니다. 수업중 집중력이 뛰어나고 적극적으로 참여하는 모습이 인상적입니다. 이러한 학습 태도가 계속된다면 더욱 큰 발전이 있을 것으로 기대됩니다."
3.0,수업을 따라오는 정도,매우 잘 따라옴,118.0,"수업 내용을 매우 잘 이해하고 있고, 개념 적용 능력도 탁월합니다. 수업중 질문의 수준이 높고 참여도가 적극적이어서 학습 효과가 매우 좋습니다. 우수한 학습 태도를 계속 유지한다면 발전된 모습을 보여줄 것입니다."
4.0,수업을 따라오는 정도,매우 잘 따라옴,113.0,"수업을 매우 열심히 따라오고 있으며, 개념 이해도가 높습니다. 수업중 집중력이 뛰어나고 적극적으로 참여하는 모습이 돋보입니다. 이러한 학습 태도로 계속 나아간다면 더욱 큰 성장을 이룰 것으로 기대됩니다."
5.0,수업을 따라오는 정도,매우 잘 따라옴,114.0,"수업 내용을 매우 잘 소화하고 있으며, 개념 적용 능력도 뛰어납니다. 수업중 질문과 참여가 활발하여 학습 효과가 극대화되고 있습니다. 이런 열정적인 모습이 계속된다면 앞으로의 발전 가능성이 매우 높습니다."
6.0,수업을 따라오는 정도,매우 잘 따라옴,117.0,"진도를 매우 원활하게 따라오고 있으며, 새로운 개념도 정확히 이해하고 있습니다. 집중력과 참여도가 높아 학습 효과가 매우 좋습니다. 이러한 우수한 학습 태도를 유지한다면 더욱 큰 성장을 이룰 것으로 기대됩니다."
7.0,수업을 따라오는 정도,매우 잘 따라옴,115.0,"수업 내용을 매우 적극적으로 따라오고 있으며, 개념 이해도도 탁월합니다. 질문의 수준이 높고 참여도가 적극적이어서 학습 효과가 극대화되고 있습니다. 열정적인 태도가 계속된다면 발전 가능성이 매우 기대됩니다."
8.0,수업을 따라오는 정도,매우 잘 따라옴,117.0,"수업을 매우 열심히 따라오고 있으며, 개념 적용 능력도 뛰어납니다. 수업중 집중력이 높고 적극적으로 참여하는 모습이 인상적입니다. 이런우수한 학습 태도를 계속 유지한다면 더욱 큰 성장을 이룰 것으로 기대됩니다."
9.0,수업을 따라오는 정도,매우 잘 따라옴,117.0,"수업 내용을 매우 잘 이해하고 있으며, 새로운 개념도 빠르게 습득하고 있습니다. 수업중 질문과 참여가 활발하여 학습 효과가 매우 좋습니다. 이런 열정적인 모습이 계속된다면 앞으로의 발전 가능성이 매우 높습니다."
10.0,수업을 따라오는 정도,매우 잘 따라옴,118.0,"수업 진도를 매우 원활하게 따라오고 있으며, 개념 이해도도 탁월합니다. 수업중 집중력이 뛰어나고 적극적으로 참여하는 모습이 돋보입니다. 이러한 학습 태도로 계속 나아간다면 더욱 큰 성장을 이룰 것으로 기대됩니다."
11.0,수업을 따라오는 정도,매우 잘 따라옴,116.0,"내용을 잘 소화하고 있으며, 개념 적용도 뛰어납니다. 수업중 질문의 수준이 높고 참여도가 적극적이어서 학습 효과가 극대화되고 있습니다. 이런 우수한 학습 태도를 유지한다면 더욱 발전된 모습을 보여줄 것입니다."
12.0,수업을 따라오는 정도,매우 잘 따라옴,115.0,"수업을 열심히 따라오고 있으며, 새로운 개념도 정확히 이해하고 있습니다. 수업중 집중력과 참여도가 높아 학습 효과가 매우 좋습니다. 이러한 열정적인 태도가 계속된다면 앞으로의 성장 가능성이 매우 기대됩니다."
13.0,수업을 따라오는 정도,매우 잘 따라옴,115.0,"수업 내용을 적극적으로 따라오고 있으며, 개념 이해도도 탁월합니다. 수업중 질문과 참여가 활발하여 학습 효과가 극대화되고 있습니다. 이런 학습 태도를 계속 유지한다면 더욱 큰 발전을 이룰 것으로 기대됩니다."
14.0,수업을 따라오는 정도,매우 잘 따라옴,117.0,"수업 진도를 매우 원활하게 따라오고 있으며, 개념 적용 능력도 뛰어납니다. 수업중 집중력이 높고 적극적으로 참여하는 모습이 인상적입니다. 이러한 열정적인 모습이 계속된다면 앞으로의 발전 가능성이 매우 높습니다."
15.0,수업을 따라오는 정도,매우 잘 따라옴,108.0,"수업 내용을 매우 잘 이해하고 있으며, 새로운 개념도 빠르게 습득하고 있습니다. 수업중 질문의 수준이 높고 수업 참여도도 매우 적극적입니다. 학습 태도를 유지하면 더욱 성장할 것으로 기대됩니다."
16.0,수업을 따라오는 정도,매우 잘 따라옴,116.0,수업 시간에 보여주는 집중력과 이해도가 탁월합니다. 새로운 개념을 접할 때마다 빠르게 흡수하고 응용하는 능력이 돋보입니다. 꾸준한 이런 학습 태도는 더욱 깊이 있는 수학적 사고력을 발전시킬 수 있을 것입니다.
17.0,수업을 따라오는 정도,매우 잘 따라옴,114.0,강의 내용을 놓치지 않고 완벽하게 따라오고 있습니다. 질문의 깊이와 수준이 높아 수업의 질을 한층 더 높이는 데 기여하고 있습니다. 이처럼 열의 있는 참여가 계속된다면 학업 성취도는 더욱 향상될 것입니다.
18.0,수업을 따라오는 정도,매우 잘 따라옴,114.0,"수업중 보여주는 학습 태도가 모범적입니다. 강의 내용을 정확히 파악하고 응용하는 모습이 인상적이며, 수업 참여도 또한 매우 적극적입니다. 이런 우수한 학습 습관이 앞으로의 성장에 큰 밑거름이 될 것입니다."
19.0,수업을 따라오는 정도,매우 잘 따라옴,112.0,교과 내용을 소화하는 속도와 정확도가 뛰어납니다. 복잡한 개념도 명확히 이해하고 문제 해결에 적용하는 능력이 탁월합니다. 이러한 학습 역량이 계속 발휘된다면 수학적 사고의 깊이가 더욱 확장될 것입니다.
20.0,수업을 따라오는 정도,매우 잘 따라옴,108.0,수업 진행에 매우 능동적으로 참여하고 있습니다. 빠른 개념 이해를 바탕으로 한 질문과 의견 제시가 수업을 풍성하게 만들고 있습니다. 이런 적극성이 유지된다면 학습 효과는 더욱 극대화될 것입니다.
21.0,수업을 따라오는 정도,매우 잘 따라옴,103.0,강의 내용을 완벽히 소화하며 개념 간 연결성을 스스로 파악하는 통찰력이 돋보입니다. 수업 참여도 또한 매우 높아 이러한 우수한 학습 자세가 지속된다면 더욱 뛰어난 성과를 이룰 것입니다.
22.0,수업을 따라오는 정도,매우 잘 따라옴,115.0,"수업 시간 내내 보여주는 몰입도가 인상적입니다. 새로운 주제에 대한 호기심과 이해력이 뛰어나며, 적극적인 참여로 수업의 흐름을 주도하고 있습니다. 이런 태도가 계속된다면 학업 성취도는 더욱 향상될 것입니다."
23.0,수업을 따라오는 정도,매우 잘 따라옴,117.0,"교과 내용을 정확하게 파악하고 응용하는 능력이 탁월합니다. 수업중 제시되는 문제들을 신속하고 정확하게 해결하며, 질문의 수준 또한 높습니다. 이러한 우수한 학습 역량이 앞으로의 발전에 큰 원동력이 될 것입니다."
24.0,수업을 따라오는 정도,매우 잘 따라옴,117.0,"내용을 놓치지 않고 철저히 따라오고 있습니다. 개념 이해의 깊이가 남다르며, 이를 바탕으로 한 참여가 매우 활발합니다. 이런 적극적인 학습 태도가 지속된다면 더욱 깊이 있는 사고력을 발전시킬 수 있을 것입니다."
25.0,수업을 따라오는 정도,매우 잘 따라옴,116.0,"수업 시간에 보여주는 학습 열의가 돋보입니다. 복잡한 내용도 빠르게 이해하고 응용하는 능력이 뛰어나며, 수업 참여도 또한 매우 높습니다. 이러한 열정적인 자세가 계속된다면 학업 성취도는 더욱 향상될 것입니다."
26.0,수업을 따라오는 정도,매우 잘 따라옴,117.0,"교과 내용을 완벽히 소화하며 수업에 임하고 있습니다. 개념 간 연관성을 스스로 파악하는 통찰력이 인상적이며, 질문의 깊이 또한 남다릅니다. 이런 우수한 학습 습관이 지속된다면 더욱 뛰어난 성과를 이룰 것입니다."
27.0,수업을 따라오는 정도,매우 잘 따라옴,103.0,강의 내용을 정확히 이해하고 응용하는 모습이 인상적입니다. 수업중 제시되는 도전 문제에 대한 참여도 또한 매우 높습니다. 이러한 적극성이 유지된다면 학습 효과는 더욱 극대화될 것입니다.
28.0,수업을 따라오는 정도,매우 잘 따라옴,108.0,수업 시간 내내 보여주는 집중력과 이해도가 탁월합니다. 새로운 개념을 접할 때마다 빠르게 흡수하고 연결짓는 능력이 돋보입니다. 이런 우수한 학습 자세가 앞으로의 성장에 큰 밑거름이 될 것입니다.
29.0,수업을 따라오는 정도,매우 잘 따라옴,112.0,교과 내용을 소화하는 속도와 정확도가 뛰어납니다. 복잡한 주제도 명확히 이해하고 문제 해결에 적용하는 능력이 탁월합니다. 이러한 학습 역량이 계속 발휘된다면 수학적 사고의 깊이가 더욱 확장될 것입니다.
30.0,수업을 따라오는 정도,매우 잘 따라옴,118.0,"매우 능동적으로 참여하고 있습니다. 개념을 이해하는 속도가 빠르고, 이를 바탕으로 한 질문과 의견 제시가 수업의 질을 한층 더 높이고 있습니다. 이런 열정적인 태도가 지속된다면 더욱 뛰어난 성과를 이룰 것입니다."
1.0,수업을 따라오는 정도,"대체로 이해, 추가 보충 필요",113.0,"수업 내용을 대체로 이해하고 있으나, 일부 개념에 대해서는 추가 보충이 필요합니다. 개인적으로 해당 부분을 꼼꼼히 살펴보고 있어, 점차 이해도가 향상되고 있습니다. 추가 학습을 통해 보완해 나가겠습니다."
2.0,수업을 따라오는 정도,"대체로 이해, 추가 보충 필요",118.0,"전반적으로 수업을 잘 따라오고 있지만, 복잡한 개념에 대해서는 추가 설명이 필요합니다. 개인 지도를 통해 해당 부분을 보완하고 있어, 점차 개념 파악 능력이 향상되고 있습니다. 자신감을 잃지 않게 응원해 주세요."
3.0,수업을 따라오는 정도,"대체로 이해, 추가 보충 필요",116.0,"수업 내용 중 일부 심화된 부분에 대해서는 추가적인 보충이 필요합니다. 학원에서 개별적인 지도를 받아 해당 개념을 꼼꼼히 살펴보고 있어, 점차 이해도가 높아지고 있습니다. 성장을 위한 과정이니 지켜봐 주세요."
4.0,수업을 따라오는 정도,"대체로 이해, 추가 보충 필요",106.0,"전반적으로 수업을 이해하고 있지만, 일부 복잡한 부분에 대해서는 추가 설명이 필요합니다. 학원에서 개인적으로 해당 부분을 집중적으로 공부하고 있어, 점차 개념 파악 능력이 향상되고 있습니다."
5.0,수업을 따라오는 정도,"대체로 이해, 추가 보충 필요",110.0,"수업 내용을 대체로 잘 이해하고 있으나, 일부 심화된 개념에 대해서는 추가적인 보충이 필요합니다. 학원에서 개별적인 지도를 받아 해당 부분을 꼼꼼히 살펴보고 있어, 점차 이해도가 높아지고 있습니다."
6.0,수업을 따라오는 정도,"대체로 이해, 추가 보충 필요",114.0,"일부 복잡한 개념에 대해서는 추가 설명이 필요한 단계입니다. 학원에서 개인 지도를 통해 해당 부분을 집중적으로 보완하고 있어, 점차 개념 파악 능력이 향상되고 있습니다. 자신감을 잃지 않게 격려해 주세요."
7.0,수업을 따라오는 정도,"대체로 이해, 추가 보충 필요",112.0,"수업 내용을 전반적으로 따라가고 있으나, 일부 어려운 개념은 추가 학습이 필요합니다. 개인적으로 해당 부분을 집중 지도하고 있어 점차 이해도가 높아지고 있습니다. 꾸준한 노력으로 극복해 나갈 것입니다."
8.0,수업을 따라오는 정도,"대체로 이해, 추가 보충 필요",104.0,"대체로 수업 이해도는 양호하나, 몇몇 복잡한 개념에서는 보충 설명이 필요합니다. 학원에서 개별적으로 해당 부분을 보완하고 있어 점진적 향상이 보입니다. 조금만 더 지켜봐 주시기 바랍니다."
9.0,수업을 따라오는 정도,"대체로 이해, 추가 보충 필요",104.0,"수업 내용의 기본은 잘 이해하고 있으나, 응용 문제에서 추가 지도가 필요합니다. 개인 맞춤형 학습으로 부족한 부분을 채워가고 있어 꾸준히 발전하고 있습니다. 성장 과정이니 격려해 주세요."
10.0,수업을 따라오는 정도,"대체로 이해, 추가 보충 필요",106.0,"전체적인 수업 흐름은 잘 따라오나, 일부 심화 개념에서 보충이 필요합니다. 학원에서 해당 부분을 중점적으로 지도하고 있어 이해도가 점차 향상되고 있습니다. 자신감을 갖고 계속 노력하겠습니다."
11.0,수업을 따라오는 정도,"대체로 이해, 추가 보충 필요",104.0,"수업의 주요 내용은 파악하고 있으나, 세부적인 개념 연결에 어려움이 있습니다. 개인 지도를 통해 개념 간 연결성을 강화하고 있어 점차 개선되고 있습니다. 지속적인 관심으로 지켜봐 주세요."
12.0,수업을 따라오는 정도,"대체로 이해, 추가 보충 필요",105.0,"기본 개념은 잘 이해하고 있으나, 복합적인 문제 해결에 추가 설명이 필요합니다. 학원에서 집중적으로 보완 학습을 진행중이며, 꾸준히 향상되고 있습니다. 조금 더 시간을 두고 지켜봐 주세요."
13.0,수업을 따라오는 정도,"대체로 이해, 추가 보충 필요",102.0,"수업 내용은 대체로 이해하나, 일부 추상적 개념에서 보충 설명이 필요합니다. 개별 지도를 통해 해당 부분을 꼼꼼히 살펴보고 있어 점차 개선되고 있습니다. 성장 과정으로 이해해 주세요."
14.0,수업을 따라오는 정도,"대체로 이해, 추가 보충 필요",104.0,"전반적인 학습 진도는 잘 따라오나, 일부 고난도 개념에서 추가 학습이 필요합니다. 학원에서 맞춤형 지도로 부족한 부분을 채워가고 있어 점진적 발전이 보입니다. 지속적인 격려 부탁드립니다."
15.0,수업을 따라오는 정도,"대체로 이해, 추가 보충 필요",101.0,"수업의 핵심 내용은 이해하고 있으나, 세부적인 응용에 어려움이 있습니다. 개인 지도를 통해 응용력을 키우고 있어 점차 실력이 향상되고 있습니다. 자신감을 잃지 않도록 응원해 주세요."
16.0,수업을 따라오는 정도,"대체로 이해, 추가 보충 필요",106.0,"기본 개념 습득은 원활하나, 복잡한 문제 해결 과정에서 추가 지도가 필요합니다. 학원에서 집중적으로 해당 부분을 보완하고 있어 점차 개선되고 있습니다. 꾸준한 노력으로 극복해 나갈 것입니다."
17.0,수업을 따라오는 정도,"대체로 이해, 추가 보충 필요",103.0,"수업의 기본 내용은 이해하고 있으나, 일부 심화 주제에서 보충 학습이 필요합니다. 개인별 맞춤 지도로 부족한 부분을 채워가고 있어 점차 발전이 보입니다. 꾸준한 관심으로 지켜봐 주세요."
18.0,수업을 따라오는 정도,"대체로 이해, 추가 보충 필요",105.0,"수업 진도를 따라가고는 있지만, 일부 난해한 개념에서 추가 설명이 필요합니다. 학원에서 해당 부분을 집중적으로 보완하고 있어 이해도가 점진적으로 높아지고 있습니다. 성장 과정으로 봐주세요."
19.0,수업을 따라오는 정도,"대체로 이해, 추가 보충 필요",98.0,"전체적인 강의 내용은 파악하고 있으나, 특정 개념의 응용에 어려움이 있습니다. 맞춤형 지도를 통해 약점을 보완하고 있어 점차 개선되고 있습니다. 자신감을 갖도록 격려해 주세요."
20.0,수업을 따라오는 정도,"대체로 이해, 추가 보충 필요",100.0,"주요 개념은 이해하고 있으나, 복잡한 문제 접근법에 추가 지도가 필요합니다. 학원에서 개별적으로 해당 부분을 보강하고 있어 실력이 향상되고 있습니다. 인내심을 갖고 지켜봐 주세요."
21.0,수업을 따라오는 정도,"대체로 이해, 추가 보충 필요",97.0,"수업의 핵심은 잘 따라오나, 세부적인 논리 전개에 보충이 필요합니다. 개인 지도를 통해 논리적 사고력을 키우고 있어 점차 발전하고 있습니다. 성장하는 과정임을 이해해 주세요."
22.0,수업을 따라오는 정도,"대체로 이해, 추가 보충 필요",99.0,"기초 개념은 잘 습득하고 있으나, 고난도 문제 해결에 추가 학습이 필요합니다. 학원에서 맞춤형으로 지도하고 있어 점진적으로 실력이 향상되고 있습니다. 지속적인 응원 부탁드립니다."
23.0,수업을 따라오는 정도,"대체로 이해, 추가 보충 필요",99.0,"수업 내용의 흐름은 이해하나, 일부 추상적 개념 연결에 어려움이 있습니다. 개별 지도로 개념 간 연결성을 강화하고 있어 점차 개선되고 있습니다. 꾸준히 발전할 것으로 기대됩니다."
24.0,수업을 따라오는 정도,"대체로 이해, 추가 보충 필요",99.0,"강의 내용을 대체로 파악하고 있으나, 일부 복잡한 이론에 보충이 필요합니다. 학원에서 해당 부분을 중점적으로 다루고 있어 이해도가 높아지고 있습니다. 조금 더 시간이 필요합니다."
25.0,수업을 따라오는 정도,"대체로 이해, 추가 보충 필요",99.0,"수업의 전반적인 내용은 이해하나, 세부 원리 적용에 어려움이 있습니다. 개인별 지도를 통해 원리 이해를 돕고 있어 점차 나아지고 있습니다. 성장 과정으로 지켜봐 주시길 바랍니다."
26.0,수업을 따라오는 정도,"대체로 이해, 추가 보충 필요",101.0,"기본적인 수업 내용은 따라가나, 일부 깊이 있는 개념에 보충이 필요합니다. 학원에서 집중적으로 해당 부분을 보완하고 있어 점진적 향상이 보입니다. 자신감을 잃지 않도록 도와 주세요."
27.0,수업을 따라오는 정도,"대체로 이해, 추가 보충 필요",101.0,"수업의 큰 틀은 이해하고 있으나, 세부 개념 활용에 추가 설명이 필요합니다. 맞춤형 지도로 활용 능력을 키우고 있어 점차 실력이 향상되고 있습니다. 꾸준한 격려가 필요한 시기입니다."
28.0,수업을 따라오는 정도,"대체로 이해, 추가 보충 필요",102.0,"주요 학습 내용은 파악하고 있으나, 복합적 사고가 필요한 부분에 보충이 필요합니다. 학원에서 개별적으로 사고력 향상을 돕고 있어 점차 발전하고 있습니다. 인내심을 갖고 지켜봐 주세요."
29.0,수업을 따라오는 정도,"대체로 이해, 추가 보충 필요",99.0,"강의 내용의 기본은 이해하나, 응용 문제 접근에 어려움이 있습니다. 개인 맞춤 지도를 통해 문제 해결력을 키우고 있어 점진적으로 나아지고 있습니다. 성장 과정임을 이해해 주세요."
30.0,수업을 따라오는 정도,"대체로 이해, 추가 보충 필요",104.0,"수업의 기본 개념은 잘 따라오나, 일부 심화 주제에서 추가 학습이 필요합니다. 학원에서 해당 부분을 중점적으로 보완하고 있어 이해도가 높아지고 있습니다. 지속적인 관심으로 지켜봐 주세요."
1.0,수업을 따라오는 정도,"어려움 있음, 개별 보완 필요",111.0,"현재 수업 내용 이해에 조금 어려움이 있어 보입니다. 흥미를 느낄 수 있는 다양한 학습 방법을 통해 차근차근 지도할 예정입니다. 난이도 조정을 통해 학습적인 동기를 올리고, 주의 깊게 관찰하겠습니다."
2.0,수업을 따라오는 정도,"어려움 있음, 개별 보완 필요",111.0,내용을 따라가는 과정에서 약간의 어려움이 보입니다. 재미있는 접근법으로 자신감을 키워나갈 수 있도록 돕겠습니다. 또한 따라올 수 있는 수준의 맞춤학습을 제공하여 학습 동기를 높이고 잘 살펴보겠습니다.
3.0,수업을 따라오는 정도,"어려움 있음, 개별 보완 필요",115.0,"진도를 따라오는 데 다소 시간이 필요해 보입니다. 학생의 흥미와 수준에 맞는 맞춤형 지도로 즐겁게 배울 수 있도록 하겠습니다. 적합한 난이도의 학습 기회를 제공하여 동기를 높이고, 주의 깊게 관찰하겠습니다."
4.0,수업을 따라오는 정도,"어려움 있음, 개별 보완 필요",118.0,"일부 내용을 이해하는 데 시간이 필요합니다. 흥미로운 교재와 맞춤형 난이도 조절을 통해 자신감을 키워나갈 수 있도록 돕겠습니다. 학생의 수준에 맞는 맞춤학습으로 동기를 높이고, 주의 깊게 관찰하며 상담하겠습니다."
5.0,수업을 따라오는 정도,"어려움 있음, 개별 보완 필요",116.0,"현재 학습 내용 일부에서 적응 시간이 필요해 보입니다. 개인의 수준에 맞는 다양한 접근법으로 지도하겠습니다. 따라올 수 있는 난이도의 맞춤학습을 제공하여 학습 동기를 높이고, 학생의 상황을 잘 살펴보겠습니다."
6.0,수업을 따라오는 정도,"어려움 있음, 개별 보완 필요",114.0,"수업 내용 중 일부가 조금 어렵게 느껴질 수 있습니다. 학생이 흥미를 느끼고 자신감을 가질 수 있는 방법으로 차근차근 지도할 계획입니다. 수준에 맞는 맞춤학습으로 동기를 높이고, 주의 깊게 살펴보겠습니다."
7.0,수업을 따라오는 정도,"어려움 있음, 개별 보완 필요",115.0,일부 개념 이해에 시간이 더 필요한 것으로 보입니다. 흥미로운 학습 자료와 개인 맞춤형 지도로 자신감을 키워나가도록 돕겠습니다. 따라올 수 있는 난이도의 맞춤학습을 제공하며 학생의 상황을 잘 살펴보겠습니다.
8.0,수업을 따라오는 정도,"어려움 있음, 개별 보완 필요",116.0,"현재 진도에 적응하는 데 조금 더 시간이 필요합니다. 학생의 흥미와 수준에 맞는 다양한 접근법으로 즐겁게 배울 수 있도록 하겠습니다. 학생의 수준에 맞는 맞춤학습으로 동기를 높이고, 주의 깊게 관찰하겠습니다."
9.0,수업을 따라오는 정도,"어려움 있음, 개별 보완 필요",116.0,일부 수업 내용 이해에 더 많은 연습이 필요해 보입니다. 개인의 흥미를 살린 맞춤형 학습으로 자신감을 키워나갈 수 있도록 지도하겠습니다. 따라올 수 있는 난이도의 맞춤학습을 제공하여 학습 동기를 높이겠습니다.
10.0,수업을 따라오는 정도,"어려움 있음, 개별 보완 필요",118.0,"학습 내용의 일부 개념에 더 많은 설명이 필요합니다. 흥미로운 교재와 개인 맞춤형 접근법으로 즐겁게 배울 수 있도록 돕겠습니다. 학생의 수준에 맞는 맞춤학습으로 동기를 높이고, 주의 깊게 관찰하며 상담하겠습니다."
11.0,수업을 따라오는 정도,"어려움 있음, 개별 보완 필요",98.0,"수업 내용 이해에 다소 어려움이 있어 보입니다. 흥미로운 학습 방법으로 차근차근 지도하겠습니다. 난이도를 조정하여 학습 동기를 높이고, 학생의 상황을 주의 깊게 관찰하겠습니다."
12.0,수업을 따라오는 정도,"어려움 있음, 개별 보완 필요",109.0,학습 내용을 따라가는 과정에서 약간의 어려움이 있습니다. 흥미를 유발할 수 있는 강의와 쉽게 이해할 수 있는 접근법으로 자신감을 기를 수 있도록 돕겠습니다. 조금더 세심하게 지켜보도록 하겠습니다.
13.0,수업을 따라오는 정도,"어려움 있음, 개별 보완 필요",110.0,수업 진도를 이해하는 데 다소 시간이 필요해 보입니다. 학생의 흥미와 수준에 맞는 맞춤형 지도로 즐겁게 배울 수 있도록 하겠습니다. 따라올 수 있는 수준의 학습 기회를 제공하여 동기를 높이겠습니다.
14.0,수업을 따라오는 정도,"어려움 있음, 개별 보완 필요",116.0,"일부 학습 내용을 이해하는 데 시간이 필요합니다. 흥미로운 교재와 적합한 난이도 조절로 자신감을 기를 수 있도록 돕겠습니다. 학생의 수준에 맞는 맞춤학습으로 동기를 높이고, 주의 깊게 관찰하며 상담하겠습니다."
15.0,수업을 따라오는 정도,"어려움 있음, 개별 보완 필요",113.0,"일부 학습 내용에서 적응 시간이 필요해 보입니다. 개인의 수준에 맞는 다양한 접근법으로 지도하겠습니다. 따라올 수 있는 난이도의 맞춤학습을 제공하여 학습 동기를 높이고, 학생의 상황을 잘 살펴보겠습니다."
16.0,수업을 따라오는 정도,"어려움 있음, 개별 보완 필요",108.0,"수업 내용 중 일부가 어렵게 느껴질 수 있습니다. 학생이 흥미와 자신감을 가질 수 있도록 차근차근 지도할 계획입니다. 수준에 맞는 맞춤학습으로 동기를 높이고, 주의 깊게 관찰하며 상담하겠습니다."
17.0,수업을 따라오는 정도,"어려움 있음, 개별 보완 필요",114.0,일부 개념 이해에 시간이 더 필요한 것으로 보입니다. 흥미로운 자료와 개인 맞춤형 지도로 자신감을 기를 수 있도록 돕겠습니다. 따라올 수 있는 난이도의 맞춤학습을 제공하며 학생의 상황을 잘 살펴보겠습니다.
18.0,수업을 따라오는 정도,"어려움 있음, 개별 보완 필요",118.0,일부 수업 내용에 대한 더 많은 연습이 필요해 보입니다. 개인의 흥미를 살린 맞춤형 학습으로 자신감을 기를 수 있도록 지도하겠습니다. 따라올 수 있는 난이도의 문제를 풀 수 있도록 하여며학습 동기를 높이겠습니다.
19.0,수업을 따라오는 정도,"어려움 있음, 개별 보완 필요",97.0,"수업 내용 이해에 약간의 어려움이 있어 보입니다. 흥미로운 학습법으로 천천히 지도하고, 난이도 조정을 통해 학습 동기를 높이겠습니다. 학생의 상황을 주의 깊게 관찰하겠습니다."
20.0,수업을 따라오는 정도,"어려움 있음, 개별 보완 필요",107.0,학습 내용을 따라가는 데 버거워 보입니다. 개인 맞춤학습과 재미있는 방법으로 자신감을 기를 수 있도록 돕겠습니다. 학생의 수준에 맞는 학습 내용을 제공하여 동기를 높이고 상황을 살펴보겠습니다.
21.0,수업을 따라오는 정도,"어려움 있음, 개별 보완 필요",114.0,"수업 진도를 이해하는 데 시간이 필요해 보입니다. 학생의 흥미와 수준에 맞는 맞춤형 지도로 즐겁게 배울 수 있도록 하겠습니다. 적절한 수준의 학습 기회를 제공하여 동기를 높이고, 주의 깊게 관찰하겠습니다."
22.0,수업을 따라오는 정도,"어려움 있음, 개별 보완 필요",116.0,"현재 단원을 이해하는 데 조금 더 많은 시간이 필요합니다. 흥미로운 교재와 난이도 조절로 자신감을 기를 수 있도록 돕겠습니다. 학생의 수준에 맞는 맞춤학습으로 동기를 높이고, 상황을 주의 깊게 관찰하겠습니다."
23.0,수업을 따라오는 정도,"어려움 있음, 개별 보완 필요",109.0,일부 개념 이해에 시간이 더 필요한 것으로 보입니다. 흥미로운 자료와 개별 맞춤 지도로 자신감을 기를 수 있도록 돕겠습니다. 적절한 난이도의 학습 내용을 제공하며 학생의 상황을 잘 살펴보겠습니다.
24.0,수업을 따라오는 정도,"어려움 있음, 개별 보완 필요",109.0,일부 내용을 이해하는 데 더 많은 연습이 필요해 보입니다. 흥미를 유발할 수 있는 강의로 자신감을 기를 수 있도록 지도하겠습니다. 따라올 수 있는 난이도의 맞춤학습을 제공하여 동기를 높이겠습니다.
25.0,수업을 따라오는 정도,"어려움 있음, 개별 보완 필요",108.0,"수업 내용 중 일부가 어렵게 느껴질 수 있습니다. 학생이 흥미와 자신감을 가질 수 있도록 차근차근 지도할 계획입니다. 수준에 맞는 맞춤학습으로 동기를 높이고, 주의 깊게 관찰하며 상담하겠습니다."
26.0,수업을 따라오는 정도,"어려움 있음, 개별 보완 필요",107.0,일부 개념 이해에 시간이 더 필요한 것으로 보입니다. 흥미로운 자료와 개인 맞춤형 지도로 자신감을 기를 수 있도록 돕겠습니다. 적절한 난이도의 학습을 제공하며 학생의 상황을 잘 살펴보겠습니다.
27.0,수업을 따라오는 정도,"어려움 있음, 개별 보완 필요",116.0,"현재 진도에 적응하는 데 조금 더 시간이 필요합니다. 학생의 흥미와 수준에 맞는 다양한 접근법으로 즐겁게 배울 수 있도록 하겠습니다. 학생의 수준에 맞는 맞춤학습으로 동기를 높이고, 주의 깊게 관찰하겠습니다."
28.0,수업을 따라오는 정도,"어려움 있음, 개별 보완 필요",117.0,"수업 내용 이해에 다소 어려움이 있는 것으로 보입니다. 학생의 관심사와 학습 스타일을 고려한 맞춤형 지도로 이해도를 높이겠습니다. 난이도 조정을 통해 학습 동기를 유발하고, 학생의 상황을 꼼꼼히 살펴보겠습니다."
29.0,수업을 따라오는 정도,"어려움 있음, 개별 보완 필요",118.0,"학습 내용을 따라가는 데 약간의 어려움이 있습니다. 학생에 알맞은 학습 접근 방법으로 자신감을 키워나갈 수 있도록 하겠습니다. 수준에 맞는 맞춤학습을 제공하여 동기를 높이고, 학생의 상황을 면밀히 관찰하겠습니다."
30.0,수업을 따라오는 정도,"어려움 있음, 개별 보완 필요",118.0,수업 내용 일부에서 소화하기 어려운 부분이 있어 보입니다. 학생의 관심사를 반영한 자료와 개별 맞춤 설명으로 이해도를 높이겠습니다. 적절한 난이도의 학습 과제를 제공하며 학생의 발전 상황을 세심히 관찰하겠습니다.
1.0,수업중 학습에 대한 태도,적극적이고 집중도가 높음,93.0,수업 시간 내내 적극적으로 참여하며 집중력이 뛰어납니다. 학습에 대한 열의가 대단히 돋보이는 모습입니다. 이러한 열정적인 태도는 앞으로의 성장에 큰 힘이 될 것입니다.
2.0,수업중 학습에 대한 태도,적극적이고 집중도가 높음,94.0,수업에 집중하는 모습이 인상적입니다. 질문에 대한 답변이 명확하고 수업에 적극적으로 임하는 자세가 돋보입니다. 이처럼 성실한 태도가 학업 성취로 이어질 것이라 믿습니다.
3.0,수업중 학습에 대한 태도,적극적이고 집중도가 높음,99.0,수업 시간 내내 매우 열정적으로 임하는 모습이 눈에 띕니다. 교사의 설명에 경청하며 메모하는 등 능동적인 자세를 보입니다. 이러한 태도는 앞으로의 발전에 큰 도움이 될 것입니다.
4.0,수업중 학습에 대한 태도,적극적이고 집중도가 높음,108.0,수업에 임하는 자세가 매우 적극적이고 집중력이 뛰어납니다. 교사의 질문에 신속하게 답변하며 수업 내용을 깊이 있게 이해하고 있는 것 같습니다. 이처럼 성실한 태도가 학습에 큰 힘이 될 것입니다.
5.0,수업중 학습에 대한 태도,적극적이고 집중도가 높음,105.0,수업중 보이는 열정적이고 집중력 있는 모습이 인상 깊습니다. 교사의 설명을 경청하며 메모하는 등 능동적으로 참여하는 모습이 돋보입니다. 이러한 자세가 학업 성취로 이어질 것이라 확신합니다.
6.0,수업중 학습에 대한 태도,적극적이고 집중도가 높음,111.0,수업 시간 내내 매우 적극적이고 집중력 있게 임하는 모습이 인상적입니다. 질문에 대한 답변이 명확하며 수업 내용을 깊이 있게 이해하고 있습니다. 이러한 자세가 앞으로의 발전에 큰 도움이 될 것입니다.
7.0,수업중 학습에 대한 태도,적극적이고 집중도가 높음,97.0,수업에 임하시는 자세가 매우 성실하고 열정적입니다. 교사의 설명을 경청하며 적극적으로 참여하는 모습이 뛰어납니다. 이처럼 능동적인 태도는 학습 효과를 높일 것으로 기대됩니다.
8.0,수업중 학습에 대한 태도,적극적이고 집중도가 높음,99.0,수업중 보이는 높은 집중력과 적극성이 인상 깊습니다. 교사의 질문에 신속하게 답변하며 수업 내용을 깊이 있게 이해하고 있습니다. 이러한 자세가 향후 학업 성취로 이어질 것입니다.
9.0,수업중 학습에 대한 태도,적극적이고 집중도가 높음,93.0,수업 시간 내내 적극적으로 참여하며 집중력이 뛰어납니다. 학습에 대한 열의가 대단히 돋보이는 모습입니다. 이러한 열정적인 태도는 향후 성과로 이어질 것으로 기대됩니다.
10.0,수업중 학습에 대한 태도,적극적이고 집중도가 높음,95.0,수업에 집중하는 모습이 인상적입니다. 질문에 대한 답변이 명확하고 수업에 적극적으로 임하는 자세가 돋보입니다. 이처럼 성실한 태도가 학업 성취로 귀결될 것이라 확신합니다.
11.0,수업중 학습에 대한 태도,적극적이고 집중도가 높음,94.0,수업 시간 내내 매우 열정적으로 임하는 모습이 눈에 띕니다. 교사의 설명에 경청하며 메모하는 등 능동적인 자세를 보입니다. 이러한 태도는 향후 발전으로 이어질 것입니다.
12.0,수업중 학습에 대한 태도,적극적이고 집중도가 높음,108.0,수업에 임하는 자세가 매우 적극적이고 집중력이 뛰어납니다. 교사의 질문에 신속하게 답변하며 수업 내용을 깊이 있게 이해하고 있는 것 같습니다. 이처럼 성실한 태도가 학습 성과로 이어질 것입니다.
13.0,수업중 학습에 대한 태도,적극적이고 집중도가 높음,108.0,수업중 보이는 열정적이고 집중력 있는 모습이 인상 깊습니다. 교사의 설명을 경청하며 메모하는 등 능동적으로 참여하는 모습이 돋보입니다. 이러한 자세가 향후 학업 성취를 가져올 것이라 확신합니다.
14.0,수업중 학습에 대한 태도,적극적이고 집중도가 높음,108.0,수업 시간 내내 매우 적극적이고 집중력 있게 임하는 모습이 인상적입니다. 질문에 대한 답변이 명확하며 수업 내용을 깊이 있게 이해하고 있습니다. 이러한 자세가 앞으로의 발전으로 이어질 것입니다.
15.0,수업중 학습에 대한 태도,적극적이고 집중도가 높음,101.0,수업에 임하는 자세가 매우 성실하고 열정적입니다. 교사의 설명을 경청하며 적극적으로 참여하는 모습이 뛰어납니다. 이처럼 능동적인 태도는 학습 성과 향상으로 귀결될 것으로 기대됩니다.
16.0,수업중 학습에 대한 태도,적극적이고 집중도가 높음,118.0,교사 강의에 높은 집중력을 보이며 적극으로 질문하는 모습이 인상 깊습니다. 교사의 질문에 대한 답변 내용으로 보아 수업 내용을 깊이 있게 이해함을 알 수 있습니다. 이런 자세가 향후 학업 성취로 이어질 것입니다.
17.0,수업중 학습에 대한 태도,적극적이고 집중도가 높음,99.0,수업중 보여주는 집중력과 적극성이 돋보입니다. 질문에 대한 응답이 정확하고 수업에 능동적으로 참여하는 모습이 인상적입니다. 이러한 학습 태도는 실력 향상의 밑거름이 될 것입니다.
18.0,수업중 학습에 대한 태도,적극적이고 집중도가 높음,107.0,수업 내내 호기심 어린 눈빛으로 집중하는 모습이 인상적입니다. 교사의 설명을 주의 깊게 듣고 필요한 내용을 꼼꼼히 필기하는 자세가 훌륭합니다. 이런 성실함이 학업 발전의 원동력이 될 것입니다.
19.0,수업중 학습에 대한 태도,적극적이고 집중도가 높음,100.0,수업 시간에 보여주는 열의와 참여도가 매우 높습니다. 적극적으로 의견을 제시하고 교사의 지도에 진지하게 임하는 모습이 돋보입니다. 이런 적극성은 학습 효율을 크게 높여줄 것입니다.
20.0,수업중 학습에 대한 태도,적극적이고 집중도가 높음,97.0,수업에 임하는 자세가 매우 진지하고 열정적입니다. 어려운 내용도 포기하지 않고 끝까지 해결하려는 의지가 보입니다. 이러한 끈기 있는 태도는 지식 습득의 지름길이 될 것입니다.
21.0,수업중 학습에 대한 태도,적극적이고 집중도가 높음,105.0,수업 시간마다 보여주는 집중력과 열정이 뛰어납니다. 교사의 질문에 적극적으로 대답하고 수업에 능동적으로 참여하는 모습이 인상적입니다. 이런 자세는 학습 내용의 깊은 이해로 이어질 것입니다.
22.0,수업중 학습에 대한 태도,적극적이고 집중도가 높음,101.0,수업중 보여주는 성실함과 적극성이 돋보입니다. 교사의 설명을 주의 깊게 듣고 의문점을 명확히 질문하는 모습이 인상적입니다. 이러한 탐구하는 자세는 학업 성장의 촉매제가 될 것입니다.
23.0,수업중 학습에 대한 태도,적극적이고 집중도가 높음,106.0,수업 시간에 보여주는 집중력과 참여도가 매우 높습니다. 적극적으로 손을 들어 질문하고 수업 활동에 열심히 참여하는 모습이 돋보입니다. 이런 적극적인 태도는 학업적 성취의 발판이 될 것입니다.
24.0,수업중 학습에 대한 태도,적극적이고 집중도가 높음,97.0,수업에 임하는 자세가 매우 진지하고 열의가 넘칩니다. 교사의 지도에 귀기울이고 수업 내용을 깊이 이해하려는 노력이 보입니다. 이러한 열정은 학습 역량 강화로 이어질 것입니다.
25.0,수업중 학습에 대한 태도,적극적이고 집중도가 높음,102.0,수업에 임하는 성실하고 열정적인 태도가 인상적입니다. 교사의 질문에 명확히 답변하고 수업에 능동적으로 임하는 모습이 돋보입니다. 이런 성실한 태도는 학업 성장의 원동력이 될 것입니다.
26.0,수업중 학습에 대한 태도,적극적이고 집중도가 높음,89.0,수업중 보여주는 열정과 집중력이 뛰어납니다. 어려운 내용도 포기하지 않고 해결하려는 의지가 돋보입니다. 이러한 끈기 있는 자세는 학습 효과를 극대화할 것입니다.
27.0,수업중 학습에 대한 태도,적극적이고 집중도가 높음,115.0,수업 시간에 보여주는 지적 호기심과 참여 의욕이 매우 고무적입니다. 배움에 대한 갈증이 느껴지는 눈빛으로 교사의 설명을 경청하는 모습이 인상적입니다. 이러한 학구열은 학업 성취의 견인차 역할을 할 것입니다.
28.0,수업중 학습에 대한 태도,적극적이고 집중도가 높음,101.0,수업 내용에 대한 깊은 관심과 몰입도가 두드러집니다. 배움의 즐거움을 느끼며 수업에 참여하는 모습이 보기 좋습니다. 이처럼 학습을 즐기는 태도는 성적 향상에 큰 도움을 줄 것입니다.
29.0,수업중 학습에 대한 태도,적극적이고 집중도가 높음,116.0,수업 시간마다 보여주는 준비성과 적극성이 돋보입니다. 예습한 내용을 바탕으로 의미 있는 질문을 던지고 토론에 활발히 참여하는 모습이 인상적입니다. 이런 주도적인 학습 태도는 실력 향상의 디딤돌이 될 것입니다.
30.0,수업중 학습에 대한 태도,적극적이고 집중도가 높음,112.0,"수업에 임하는 자세가 체계적이고 전략적입니다. 중요한 개념을 체계적으로 정리하며, 이해되지 않은 내용은 즉시 질문하는 모습이 돋보입니다. 이러한 효과적인 학습 방식은 꾸준항 향상의 기반이 될 것입니다."
1.0,수업중 학습에 대한 태도,"대체로 집중, 간혹 산만함",116.0,"간혹 집중력이 흐트러지는 순간이 있으나, 이런 부분을 세심하게 관찰하고 있으며 맞춤형 지도를 통해 개선시키려고 합니다. 정기적인 상담을 통해 집중력 향상 방안을 함께 모색하고 있으니 걱정하지 않으셔도 됩니다."
2.0,수업중 학습에 대한 태도,"대체로 집중, 간혹 산만함",118.0,"학습 내용에 관심을 보이고 적극적으로 참여하는 모습이 자주 관찰됩니다. 때때로 주의가 분산되는 경우가 있으나, 이는 성장 과정에서 자연스러운 현상입니다. 저는 학생의 발전 가능성이 매우 높다고 평가하고 있습니다."
3.0,수업중 학습에 대한 태도,"대체로 집중, 간혹 산만함",116.0,"태도가 전반적으로 양호하며 학습 의욕이 있습니다. 다만 집중력이 떨어지는 모습이 있으나, 이러한 부분을 세심하게 관찰하며 개선해 나가고 있습니다. 정기적인 상담을 통해 성장을 이끌어내고 있으니 지켜봐 주세요."
4.0,수업중 학습에 대한 태도,"대체로 집중, 간혹 산만함",117.0,"배움에 대한 열의가 있지만, 간혹 주의가 흐트러지는 순간이 있습니다. 저희 학원에서는 이러한 부분을 주의 깊게 관찰하며 맞춤형 지도 방안을 실행하고 있습니다. 점차 향상되고 있으니 큰 걱정은 안 하셔도 됩니다."
5.0,수업중 학습에 대한 태도,"대체로 집중, 간혹 산만함",112.0,"학습에 대한 의욕이 있습니다. 때로는 집중력이 분산되는 경우가 있으나, 이는 성장 과정에서 자연스러운 현상입니다. 이러한 부분을 세심하게 관찰하며 잠재력을 최대한 끌어내기 위해 최선을 다하고 있습니다."
6.0,수업중 학습에 대한 태도,"대체로 집중, 간혹 산만함",117.0,"대체로 집중하는 모습을 보입니다. 간혹 주의가 산만해지는 순간이 있으나, 이러한 부분을 주의 깊게 관찰하고 맞춤형 전략을 통해 개선해 나가고 있습니다. 점진적인 발전을 이루고 있으니 성장 가능성이 매우 큽니다."
7.0,수업중 학습에 대한 태도,"대체로 집중, 간혹 산만함",113.0,"집중력이 대체로 양호한 편이나, 가끔씩 주의가 분산되는 모습이 관찰됩니다. 이러한 부분을 면밀히 관찰하며 맞춤형 지도와 정기적인 상담을 통해 개선해 나가고 있습니다. 앞으로의 성장을 기대해 볼 만합니다."
8.0,수업중 학습에 대한 태도,"대체로 집중, 간혹 산만함",118.0,"학습에 대한 적극적인 참여가 두드러집니다. 다만 가끔 주의가 산만해지는 경우가 있는데, 이는 성장 과정에서 자연스럽게 나타나는 현상으로 판단됩니다. 개별화된 지도를 통해 점진적으로 집중력을 향상시켜 나가겠습니다."
9.0,수업중 학습에 대한 태도,"대체로 집중, 간혹 산만함",113.0,"전반적인 수업 태도와 학습 의욕이 양호한 편입니다. 가끔씩 집중력이 떨어지는 모습이 관찰되지만, 이러한 부분을 세심하게 살펴보며 맞춤형 전략을 수립하고 있습니다. 자연스러운 현상이니 많은 응원 바랍니다."
10.0,수업중 학습에 대한 태도,"대체로 집중, 간혹 산만함",117.0,"배움에 대한 열의가 있으며, 수업 참여도 또한 양호합니다. 간혹 주의가 흐트러지는 경우가 있는데, 이러한 부분을 면밀히 관찰하며 맞춤형 지도 방안을 실행하고 있습니다. 충분한 대화를 통해 성장을 지원하겠습니다."
11.0,수업중 학습에 대한 태도,"대체로 집중, 간혹 산만함",117.0,"학습에 대한 의욕이 있으나, 때때로 집중력이 분산되는 모습이 관찰됩니다. 이는 성장 과정에서 나타나는 자연스러운 현상으로, 세심한 관찰과 맞춤형 지도를 통해 학생의 잠재력을 최대한 끌어내고자 노력하고 있습니다."
12.0,수업중 학습에 대한 태도,"대체로 집중, 간혹 산만함",111.0,"수업중 집중하는 모습이 대체로 양호하지만, 가끔씩 산만해지는 경우가 있습니다. 이러한 부분을 주의 깊게 살펴보며 점진적인 발전을 이루어 나가고 있습니다. 학생의 성장 가능성이 매우 크다고 판단됩니다."
13.0,수업중 학습에 대한 태도,"대체로 집중, 간혹 산만함",115.0,"전반적으로 성실한 태도로 수업에 임하고 있으나, 때때로 집중력이 흐트러지는 경우가 있습니다. 이는 자연스러운 발달 과정의 일부로 보이며, 개별 상담을 통해 점차 안정적인 학습 태도를 형성해 나가고 있습니다."
14.0,수업중 학습에 대한 태도,"대체로 집중, 간혹 산만함",117.0,"집중력 유지에 약간의 기복이 있으나, 학습에 대한 기본 자세는 양호한 편입니다. 수업중 집중하지 못한 순간에 교사의 적절한 개입을 통해 빠르게 다시 집중하는 모습을 보이고 있어 성장 가능성이 크다고 생각됩니다."
15.0,수업중 학습에 대한 태도,"대체로 집중, 간혹 산만함",116.0,"학습에 대한 열의가 높고 수업에도 적극적으로 임하고 있습니다. 다만 간혹 외부 자극에 의해 주의가 흐트러지기도 하지만, 이는 충분히 조절 가능한 수준으로 보이며, 맞춤형 접근을 통해 꾸준히 향상되고 있습니다."
16.0,수업중 학습에 대한 태도,"대체로 집중, 간혹 산만함",118.0,"학생은 수업 내용에 흥미를 느끼며 활발하게 참여하고 있습니다. 간헐적으로 주의가 산만해지는 모습도 보이지만, 이는 일시적인 현상으로 파악되며, 긴밀한 소통을 바탕으로 학습 몰입도를 높이기 위해 노력하고 있습니다."
17.0,수업중 학습에 대한 태도,"대체로 집중, 간혹 산만함",110.0,"전반적으로 긍정적인 학습 태도를 유지하고 있으며, 수업에 잘 적응해 나가고 있습니다. 집중력이 잠시 흔들릴 때도 있으나, 이를 빠르게 회복하는 능력이 있어 앞으로의 발전이 더욱 기대되는 학생입니다."
18.0,수업중 학습에 대한 태도,"대체로 집중, 간혹 산만함",118.0,"수업에 적극적으로 참여하지만, 간혹 주의가 산만해질 때도 있습니다. 성장 과정에서 자연스러운 현상으로 보고 있으며, 학원에서는 이를 세심히 관찰하며 개별 지도를 통해 안정적인 학습 습관 형성을 도와주고 있습니다."
19.0,수업중 학습에 대한 태도,"대체로 집중, 간혹 산만함",117.0,"대체로 수업에 집중하고 있으며, 새로운 개념이나 활동에는 호기심을 갖고 적극적으로 반응합니다. 다만 가끔 주의가 산만해지는 경우가 있어, 따뜻한 개입과 대화를 통해 학습에 다시 몰입할 수 있도록 돕고 있습니다."
20.0,수업중 학습에 대한 태도,"대체로 집중, 간혹 산만함",115.0,"수업에 대한 태도가 매우 긍정적이며, 새로운 내용을 배우는 것에 대한 흥미와 열정도 잘 드러납니다. 다만 외부 자극에 순간적으로 집중력이 떨어질 때가 있어, 적절한 개입을 통해 개선하도록 지도하고 있습니다."
21.0,수업중 학습에 대한 태도,"대체로 집중, 간혹 산만함",114.0,"학습에 대한 의욕과 참여도가 전반적으로 높습니다. 다만 간헐적으로 주의가 흐트러지는 모습이 보이기도 하나, 정기적인 피드백과 상담을 통해 스스로 조절하는 힘을 기를 수 있도록 관심을 아끼지 않고 있습니다."
22.0,수업중 학습에 대한 태도,"대체로 집중, 간혹 산만함",107.0,"또래에 비해 학습 태도가 성실한 편이며, 주어진 과제에 책임감을 가지고 임하려는 모습을 보입니다. 다만 특정 시간대나 상황에서 집중력이 살짝 흐트러지는 경우가 있어, 적절히 개입하고 있습니다."
23.0,수업중 학습에 대한 태도,"대체로 집중, 간혹 산만함",112.0,"수업중 대체로 집중하지만, 피로감이 누적되거나 흥미가 떨어지는 활동에서는 산만한 모습을 보일 떄가 있습니다. 학원에서 충분히 인지하고 있으며, 적절한 조치를 통해 수업 참여를 유지하도록 하고 있습니다."
24.0,수업중 학습에 대한 태도,"대체로 집중, 간혹 산만함",113.0,"기본적으로 학습에 대한 책임감이 잘 자리잡혀 있으며, 스스로 학습하려는 의지도 엿보입니다. 가끔 외부 자극에 의해 주의가 분산되는 상황도 있지만, 피드백과 격려로 수업의 집중도를 유지해 나가고 있습니다."
25.0,수업중 학습에 대한 태도,"대체로 집중, 간혹 산만함",111.0,"학생은 전반적으로 활발하고 긍정적인 성격으로 수업 분위기를 따뜻하게 만들어 줍니다. 가끔 수업 도중 산만한 태도를 보일 때도 있으나, 이를 능동적인 학습 에너지로 전환할 수 있도록 유도하고 있습니다."
26.0,수업중 학습에 대한 태도,"대체로 집중, 간혹 산만함",107.0,"수업에 대한 흥미는 꾸준히 유지되고 있으며, 주도적으로 참여하는 모습이 인상적입니다. 다만 주의가 산만해지는 시점에서는 개별적으로 동기를 북돋아주는 방식으로 수업의 흐름을 회복시키고 있습니다."
27.0,수업중 학습에 대한 태도,"대체로 집중, 간혹 산만함",111.0,"자신만의 호기심과 흥미를 기반으로 수업에 열정적으로 참여하고 있습니다. 가끔 집중력이 떨어지는 순간이 있지만, 유연하고 따뜻한 개입을 통해 학생이 다시 몰입할 수 있도록 지속적으로 지도하고 있습니다."
28.0,수업중 학습에 대한 태도,"대체로 집중, 간혹 산만함",102.0,"학생은 수업에 활발히 반응하며 새로운 개념에 대한 이해도도 빠릅니다. 간혹 주의가 흐트러질 때가 있지만, 학원에서는 상황을 세심히 파악해 적절한 피드백으로 학습 몰입을 돕고 있습니다."
29.0,수업중 학습에 대한 태도,"대체로 집중, 간혹 산만함",115.0,학습에 대한 관심이 높고 교사와의 상호작용도 긍정적입니다. 간혹 집중력이 약해질 때가 있지만 학생의 성향을 고려해 무리 없이 동기를 유도하며 수업 흐름을 유지하고 있습니다. 이 시기에 자연스러운 현상입니다.
30.0,수업중 학습에 대한 태도,"대체로 집중, 간혹 산만함",105.0,"수업 이해도와 반응이 좋으며, 질문이나 활동 참여에도 적극적입니다. 간혹 산만한 순간이 있으나, 학습 리듬과 환경을 조율하며 다시 집중할 수 있도록 돕고 있습니다. 걱정 안 하셔도 됩니다."
1.0,수업 중 참여도,참여율이 높음,112.0,"수업에 대한 집중력이 높고, 활동에 늘 주도적으로 참여하며 학습 의욕이 뛰어납니다. 질문에도 자신 있게 응답하고, 발표나 토론에도 적극적인 태도를 보여 수업 분위기를 더욱 활기차게 만들어주고 있습니다."
2.0,수업 중 참여도,참여율이 높음,114.0,"항상 진지한 자세로 수업에 임하며, 교사의 설명에 귀기울이고 질문에도 빠르게 반응합니다. 활동 참여도 역시 매우 높아 수업의 흐름을 잘 따라오고 있으며, 새로운 과제에도 도전적인 태도를 보여주고 있습니다."
3.0,수업 중 참여도,참여율이 높음,109.0,"수업을 즐기려는 태도가 잘 드러나며, 매시간 몰입하는 모습이 인상적입니다. 주어진 과제에 적극적으로 임하고, 친구들과의 관계에서도 주도적인 역할을 맡으며 학습에 대한 열정이 자연스럽게 드러납니다."
4.0,수업 중 참여도,참여율이 높음,109.0,"활동 참여가 매우 활발하며, 수업 시간 내내 높은 집중력을 유지합니다. 질문과 토론에도 적극적으로 참여하고, 자신의 생각을 표현하는 데 자신감이 있어 교사와의 소통도 원활하게 이루어지고 있습니다."
5.0,수업 중 참여도,참여율이 높음,113.0,"학생은 수업 시간마다 준비된 태도로 참여하고 있으며, 문제 해결 과정에서도 자신의 생각을 논리적으로 풀어가려는 노력이 돋보입니다. 적극적인 참여 덕분에 수업 흐름이 자연스럽고 활기차게 이어지고 있습니다."
6.0,수업 중 참여도,참여율이 높음,104.0,"새로운 개념을 접할 때에도 흥미롭게 받아들이고, 적극적인 질문을 통해 이해를 넓혀갑니다. 활동이나 과제에도 빠짐없이 참여하며, 수업에 대한 태도에서 높은 책임감과 자기주도성이 느껴집니다."
7.0,수업 중 참여도,참여율이 높음,111.0,"수업 내용을 빠르게 이해하고 이를 적극적으로 표현하며, 항상 수업에 집중하는 모습을 보여줍니다. 발표, 질문, 협동활동 등 모든 면에서 높은 참여도를 유지하고 있어 학습 태도의 모범이 되고 있습니다."
8.0,수업 중 참여도,참여율이 높음,110.0,"학생은 수업을 지루해하지 않고 스스로 흥미를 느끼며 몰입하려는 자세를 갖고 있습니다. 매 활동마다 성실하게 참여하고 있으며, 자기주도적인 학습 태도가 잘 형성되어 있어 향후 성장도 매우 기대됩니다."
9.0,수업 중 참여도,참여율이 높음,104.0,"교사의 설명을 주의 깊게 들으며 수업중 질문과 발표에 적극적으로 참여하는 모습이 인상적입니다. 친구들과의 협력 활동도 잘 수행하고, 학습에 대한 집중도와 태도가 꾸준히 유지되고 있습니다."
10.0,수업 중 참여도,참여율이 높음,109.0,"항상 적극적이고 성실한 자세로 수업에 임하고 있으며, 수업중 어떤 활동에도 빠짐없이 참여합니다. 배움에 대한 열정이 태도와 행동에 그대로 나타나며, 학습 분위기를 긍정적으로 이끌어주는 학생입니다."
11.0,수업 중 참여도,참여율이 높음,109.0,"매 수업마다 활기찬 태도로 참여하며, 교사의 설명에 집중하고 활동에도 주도적으로 임합니다. 스스로 질문을 던지고 탐구하려는 모습에서 깊은 학습 의지가 느껴집니다. 더 많이 칭찬하고 격려하겠습니다."
12.0,수업 중 참여도,참여율이 높음,102.0,"배움에 대한 열정이 눈에 띄며, 수업중 활동이나 질문에도 적극적으로 임하고 있습니다. 학습을 단순히 따라가는 것을 넘어서 자기 생각을 체계적으로 정리하고 표현하려는 태도가 돋보입니다."
13.0,수업 중 참여도,참여율이 높음,89.0,"집중력과 태도가 안정적이며, 다양한 활동에서도 즐겁게 참여하는 모습이 인상적입니다. 수업 내용을 자기 식으로 정리하거나 응용하는 능력도 함께 자라고 있습니다. "
14.0,수업 중 참여도,참여율이 높음,106.0,새로운 내용을 접할 때 호기심 어린 눈빛으로 교사를 바라보며 수업에 몰입합니다. 활동이나 과제를 성실히 수행하려하며 스스로 더 깊이 이해하려는 노력이 눈에 보입니다. 빠른 성장이 기대됩니다.
15.0,수업 중 참여도,참여율이 높음,99.0,"수업 시간 내내 의욕적인 태도로 임하며, 자신 있게 의견을 표현하고 다른 친구들의 생각에도 귀기울이는 균형 잡힌 태도를 보입니다. 수업 분위기에 긍정적인 영향을 주는 학생입니다."
16.0,수업 중 참여도,참여율이 높음,87.0,"수업에 대한 태도가 매우 성실하며, 항상 준비된 자세로 임합니다. 주어진 과제뿐만 아니라 심화 활동에도 스스로 도전하며 깊이 있는 학습을 이어가고 있습니다."
17.0,수업 중 참여도,참여율이 높음,102.0,"개념 설명을 할 때나 문제 풀이를 할 때도 매우 활발하게 참여하며, 질문을 던지면 매우 긍정적인 리더십을 발휘합니다. 적극적인 태도 덕분에 수업이 자연스럽고 역동적으로 흐르게 됩니다."
18.0,수업 중 참여도,참여율이 높음,92.0,"교사의 질문에 자신감 있게 대답하며, 모르는 부분에 대해서도 스스로 질문을 던질 줄 아는 태도가 인상적입니다. 수업 시간 자체를 성장의 기회로 잘 활용하고 있습니다."
19.0,수업 중 참여도,참여율이 높음,85.0,"매 활동에 진심으로 몰입하며, 단순히 참여하는 수준을 넘어 창의적인 접근을 시도합니다. 이런 능동적인 자세는 앞으로의 학습에서도 큰 장점이 될 것입니다."
20.0,수업 중 참여도,참여율이 높음,94.0,"수업 시간에 늘 열정적인 태도로 참여하며, 지적 호기심이 풍부해 다양한 주제에 대해 스스로 탐색하려는 모습도 자주 관찰됩니다. 학습에 대한 진정성이 느껴지는 학생입니다."
21.0,수업 중 참여도,참여율이 높음,96.0,"수업의 흐름을 스스로 이끌어갈 만큼 몰입도가 높고, 질문이나 발표 기회가 주어질 때마다 적극적으로 반응합니다. 진지한 태도 속에서 배움의 기쁨을 느끼는 모습이 인상적입니다."
22.0,수업 중 참여도,참여율이 높음,97.0,"새로운 개념에 대한 이해가 빠르고, 이를 스스로 확장해 보려는 시도가 자주 보입니다. 수업에 참여하는 자세가 성실하고 주도적이며, 깊이 있는 사고를 이어가는 힘이 느껴집니다."
23.0,수업 중 참여도,참여율이 높음,103.0,"수업 활동에 적극적으로 참여하며, 자신만의 시각으로 내용을 바라보는 태도가 돋보입니다. 표현력이 좋아 자신의 의견을 조리 있게 전달하고, 친구들과의 소통에도 귀기울이는 모습이 좋습니다."
24.0,수업 중 참여도,참여율이 높음,111.0,"매 수업 시간마다 준비된 태도로 임하고 있으며, 먼저 의견을 제시하는 등 스스로 학습을 이끌어가려는 의지가 강하게 나타납니다. 지식 습득 과정을 통해 학습의 주체가 되어가는 모습이 매우 인상적입니다."
25.0,수업 중 참여도,참여율이 높음,89.0,"수업에서 배운 내용을 자신의 언어로 다시 설명하거나 응용하려는 시도를 자주 합니다. 단순한 참여를 넘어, 자기주도적인 학습의 태도가 분명히 드러나는 학생입니다."
26.0,수업 중 참여도,참여율이 높음,98.0,"모든 활동에 주도적으로 참여하고 있으며, 창의적인 사고를 기반으로 다양한 아이디어를 표현합니다. 수업 시간마다 적극적인 태도를 유지하며, 활기차고 긍정적인 에너지를 전해줍니다."
27.0,수업 중 참여도,참여율이 높음,93.0,배운 내용을 친구들과 나누며 스스로 정리하는 모습을 자주 보여줍니다. 수업에 깊이 몰입한 상태에서 지식을 자기화하려는 태도는 향후 학습 성장을 더욱 기대하게 만듭니다.
28.0,수업 중 참여도,참여율이 높음,96.0,"수업중에는 항상 교사의 설명을 눈을 맞추며 듣고, 이해가 되지 않는 부분은 주저하지 않고 질문합니다. 적극적인 소통과 꾸준한 참여로 학습 흐름에 활력을 불어넣는 학생입니다."
29.0,수업 중 참여도,참여율이 높음,98.0,"학생은 수업중 다양한 방식으로 참여하며, 특히 탐구 중심 활동에서 뛰어난 호기심과 집중력을 보여줍니다. 스스로 답을 찾아가는 과정을 즐기며 깊이 있는 사고로 연결하고 있습니다."
30.0,수업 중 참여도,참여율이 높음,95.0,"매 활동에 책임감을 가지고 참여하며, 문제 풀이 과정에 있어서도 꼼꼼하고 철저한 면모가 돋보입니다. 수업을 단순한 의무가 아닌 기회로 받아들이는 태도가 매우 인상적입니다."
1.0,수업 중 참여도,집중력은 좋지만 소극적,118.0,"수업 내용을 잘 이해하며 교사의 설명에도 집중도가 높습니다. 다만 수업 참여에 다소 소극적인 태도를 보이는데, 최근 교사의 유도에 서서히 반응하며 짧은 의견 표현도 시도하고 있어 긍정적인 변화가 보이고 있습니다."
2.0,수업 중 참여도,집중력은 좋지만 소극적,117.0,"전반적으로 차분한 태도로 수업에 임하며 학습 내용을 성실하게 받아들이는 편입니다. 질문이나 활동에는 조심스러운 반응을 보이지만, 교사의 따뜻한 격려와 개별적인 피드백을 통해 점차 참여의 폭이 넓어지고 있습니다."
3.0,수업 중 참여도,집중력은 좋지만 소극적,113.0,"학습에 대한 이해력은 우수하고 집중력도 안정적입니다. 질문 등 활동에는 여전히 신중한 태도를 보이지만, 최근에는 작은 활동에도 조금씩 참여하려는 의지가 나타나고 있어 이를 놓치지 않고 유도하고 있습니다."
4.0,수업 중 참여도,집중력은 좋지만 소극적,106.0,"수업중 주어진 설명을 정확하게 이해하고 문제 해결 능력도 뛰어납니다. 다만 발표나 질문 활동에서는 소극적인 태도가 보이나, 교사와의 긍정적인 상호작용 속에서 점점 자신감을 얻어가고 있습니다."
5.0,수업 중 참여도,집중력은 좋지만 소극적,117.0,"내용을 잘 따라오며 개념에 대한 이해가 빠른 학생입니다. 다만 수업 참여 방식에서는 표현에 있어 신중함이 느껴지며, 학원에서는 이를 성향으로 존중하면서도 유도와 격려를 통해 점진적인 변화를 이끌어내고 있습니다."
6.0,수업 중 참여도,집중력은 좋지만 소극적,111.0,"수업에 집중하는 태도가 매우 안정적이며 이해력도 좋습니다. 다소 내성적인 성향으로 인해 활동 참여에는 소극적일 수 있으나, 점차 익숙한 상황 속에서 자신의 의견을 표현하려는 시도가 나타나고 있습니다."
7.0,수업 중 참여도,집중력은 좋지만 소극적,117.0,"학생은 조용하지만 성실하게 수업에 임하고 있으며, 개념 이해나 문제 풀이 능력도 우수한 편입니다. 말로 표현하는 데에는 다소 망설임이 있으나, 교사의 유도에 긍정적으로 반응하며 조금씩 자신을 드러내고 있습니다."
8.0,수업 중 참여도,집중력은 좋지만 소극적,115.0,"수업을 잘 따라오고 질문 내용에도 정확히 반응하는 모습이 보입니다. 아직 발표나 의견 제시에는 조심스러운 태도를 보이지만, 개별적인 칭찬과 피드백을 통해 자연스럽게 자신감을 키워갈 수 있도록 돕고 있습니다."
9.0,수업 중 참여도,집중력은 좋지만 소극적,116.0,"학습 태도는 매우 성실하며, 이해력도 높은 편입니다. 다만 수업 참여에 있어서 말수가 적고 신중한 성향을 보이나, 교사와의 관계가 깊어질수록 점차 마음을 열고 활동에 참여하는 모습이 눈에 띄게 늘고 있습니다."
10.0,수업 중 참여도,집중력은 좋지만 소극적,110.0,"수업에 조용히 집중하는 편이지만, 학습 이해도는 뛰어납니다. 발표나 토론보다는 소극적이었으나 최근 소규모 활동이나 질문에 참여하려는 모습이 늘고 있어, 학원에서는 긍정적인 변화를 독려하고 있습니다."
11.0,수업 중 참여도,집중력은 좋지만 소극적,116.0,"교사의 설명에 집중하며 수업 흐름을 잘 따라옵니다. 다소 조심스러운 성향으로 인해 활동 참여에는 주저함이 있으나, 최근에는 짧은 질문이나 소그룹 내 의견 표현을 시도하는 등 긍정적인 변화가 감지되고 있습니다."
12.0,수업 중 참여도,집중력은 좋지만 소극적,113.0,"수업 내용을 빠르게 이해하며 과제 수행도 성실히 해내는 편입니다. 다만 발표나 질문 등에서는 여전히 조용한 태도를 보이고 있으나, 교사의 격려에 반응하며 작은 표현의 시도들이 하나둘씩 늘어나고 있습니다."
13.0,수업 중 참여도,집중력은 좋지만 소극적,109.0,"내용에 대한 이해도가 높고 수업에 임하는 태도가 매우 안정적입니다. 활동 참여에서는 아직 신중한 모습을 보이지만, 소규모 활동에서는 조금씩 자신의 생각을 드러내고 있고 자신감을 쌓아가고 있습니다."
14.0,수업 중 참여도,집중력은 좋지만 소극적,116.0,"내성적인 성향으로 의견을 내는 것보다 듣는 데 익숙한 편이지만, 놓치는 부분 없이 수업 내용을 정확히 이해하고 있습니다. 최근 개별 피드백으로 간단한 의견 제시나 질문에도 용기를 내고 있어 발전이 기대됩니다."
15.0,수업 중 참여도,집중력은 좋지만 소극적,117.0,"항상 차분하게 수업에 임하며 교사의 지도에 성실히 따라옵니다. 말로 표현하는 데 아직 망설임이 있으나, 점점 익숙한 주제나 상황에서는 스스로 손을 들고 참여하는 모습이 보여 긍정적인 방향으로 나아가고 있습니다."
16.0,수업 중 참여도,집중력은 좋지만 소극적,115.0,"집중도가 높고 개념을 잘 받아들이는 편으로, 학습 이해력은 매우 우수합니다. 발표나 질문에는 신중한 태도를 보이지만, 반복되는 칭찬과 지지 속에서 점차 자신 있게 생각을 표현하려는 모습이 나타나고 있습니다."
17.0,수업 중 참여도,집중력은 좋지만 소극적,110.0,"조용하지만 수업을 성실하게 따라오며 과제 이행에서도 책임감 있는 태도를 보입니다. 활동에서는 소극적인 편이나, 교사의 눈맞춤과 간단한 질문에 긍정적으로 반응하며 점차 참여 범위를 넓혀가고 있습니다."
18.0,수업 중 참여도,집중력은 좋지만 소극적,109.0,"학생은 수업에 대한 몰입도가 높고, 설명이나 개념을 잘 이해하는 편입니다. 표현에 있어서는 다소 신중하지만, 교사의 유도에 조금씩 반응하며 자발적인 참여가 서서히 늘어나고 있어 변화가 기대됩니다."
19.0,수업 중 참여도,집중력은 좋지만 소극적,116.0,"학습 내용에 대한 이해는 뛰어나며, 주어진 과제를 성실하게 완수하는 모습이 인상적입니다. 활동이나 발표는 아직 조심스러우나, 최근에는 소그룹 안에서 자신의 생각을 말로 전달하려는 시도가 자주 보이고 있습니다."
20.0,수업 중 참여도,집중력은 좋지만 소극적,116.0,"학생은 말보다는 행동으로 학습 태도를 보여주는 유형으로, 개념 이해와 문제해결능력이 뛰어납니다. 발표에는 다소 조심스럽지만, 교사의 질문에는 눈을 맞추며 반응하고 있어 자연스러운 참여를 기대해볼 수 있습니다."
21.0,수업 중 참여도,집중력은 좋지만 소극적,116.0,"조용한 성향이지만 수업 시간 내내 집중하는 태도가 인상적입니다. 수업을 잘 따라오며 이해력도 우수하지만, 표현하는 데에는 여전히 조심스러움이 있어 학원에서는 작은 성공 경험을 통해 적극성을 유도하고 있습니다."
22.0,수업 중 참여도,집중력은 좋지만 소극적,117.0,"수업 흐름을 안정적으로 따라가며 개념에 대한 이해도 빠른 편입니다. 질문 상황에서는 신중한 태도를 보이지만, 교사의 긍정적인 피드백에 조금씩 반응하며 점차 자신의 생각을 말로 표현하는 시도를 이어가고 있습니다."
23.0,수업 중 참여도,집중력은 좋지만 소극적,117.0,"학습 태도가 매우 성실하고 과제나 활동에 대한 책임감도 뛰어납니다. 다만 표현이 필요한 순간에는 머뭇거리는 모습이 보이는데, 최근에는 교사의 격려에 용기를 내어 간단한 의견을 나누는 등 변화를 보이고 있습니다."
24.0,수업 중 참여도,집중력은 좋지만 소극적,111.0,"설명에 대한 집중도가 높고 개념 이해하는 속도도 빠르며, 매우 꼼꼼합니다. 표현에 있어서는 아직 조심스러운 편이나, 익숙한 교사와의 관계 속에서 점차 말문을 트고 있는 모습이 자주 포착되고 있습니다."
25.0,수업 중 참여도,집중력은 좋지만 소극적,113.0,"차분하고 조용한 성격의 학생으로, 수업을 방해하지 않으면서도 흐름을 잘 따라옵니다. 활동에 적극적인 참여는 아직 부족하지만, 교사의 눈맞춤이나 부드러운 질문에는 반응하며 서서히 자신을 드러내고 있습니다."
26.0,수업 중 참여도,집중력은 좋지만 소극적,117.0,"말보다는 행동으로 수업에 임하는 편으로, 개념 설명시 고개를 끄덕이며 잘 따라오는 모습이 자주 보입니다. 발표 기회에서는 망설이는 모습을 보이지만, 짧은 문장으로 생각을 표현해보려는 시도가 점차 늘고 있습니다."
27.0,수업 중 참여도,집중력은 좋지만 소극적,118.0,"교사의 설명을 놓치지 않고 따라오며, 필기와 과제 수행에서도 성실한 태도를 보여줍니다. 말로 표현하는 데에는 아직 용기가 부족한 모습이 있지만, 최근 소그룹 활동에서 짧게 의견을 나누는 모습이 나타나고 있습니다."
28.0,수업 중 참여도,집중력은 좋지만 소극적,117.0,"수업에 집중하는 시간 동안 몰입도는 매우 높습니다. 다만 말수가 적고 발표에는 신중한 성향을 보여 참여가 제한적이었으나, 최근에는 익숙한 주제에서 손을 들고 발표를 시도하는 모습이 나타나고 있어 기대가 됩니다."
29.0,수업 중 참여도,집중력은 좋지만 소극적,115.0,"내용을 잘 이해하고 정확하게 정리하는 능력이 돋보입니다. 질문이나 발표에는 아직 참여가 적지만, 질문을 던졌을 때 작게나마 자신의 의견을 말로 표현하려는 노력이 나타나고 있어 좋은 변화로 이어지고 있습니다."
30.0,수업 중 참여도,집중력은 좋지만 소극적,118.0,"정적인 환경에서 집중력이 더욱 발휘되며, 수업 이해도 또한 매우 뛰어납니다. 활동 중 자신의 생각을 말로 표현하는 데에는 다소 시간이 필요하지만, 학원의 지속적인 유도에 따라 참여 빈도가 점차 높아지고 있습니다."
1.0,자기주도 학습 태도,습관이 잘 잡혀 있음,112.0,"과제나 복습은 물론, 학습 내용 정리와 확인까지 스스로 해내는 모습이 매우 인상적입니다. 학습 주도권을 자신이 가지고 있으며, 계획 실천 능력도 잘 이루어져 있어 장기적인 학습 성장 가능성이 높습니다."
2.0,자기주도 학습 태도,습관이 잘 잡혀 있음,116.0,"학습에 필요한 준비를 스스로 챙기고, 과제를 단순히 수행하는 것을 넘어 개념을 스스로 확장해 보려는 시도도 자주 보입니다. 높은 집중력과 자기관리 능력이 뒷받침되어, 자기주도학습의 본보기가 되어주고 있습니다."
3.0,자기주도 학습 태도,습관이 잘 잡혀 있음,117.0,"수업 시간에만 머무르지 않고, 배운 내용을 자기 것으로 만들기 위해 스스로 정리하거나 반복 학습을 실천하는 모습이 자주 관찰됩니다. 학습에 대한 주도성이 잘 자리잡혀 있어 성숙한 학습 태도를 보여주고 있습니다."
4.0,자기주도 학습 태도,습관이 잘 잡혀 있음,111.0,"과제, 복습, 정리 등 학습의 여러 요소를 누가 시키지 않아도 스스로 해내며, 필요시에는 질문이나 탐색을 통해 해결책을 찾는 모습이 돋보입니다. 책임감 있는 학습 태도가 안정적으로 자리잡혀 있습니다."
5.0,자기주도 학습 태도,습관이 잘 잡혀 있음,107.0,"스스로 학습 계획을 세우고, 실천 여부를 점검하며 학습의 흐름을 관리해 나가는 능력이 뛰어납니다. 복습뿐 아니라, 다음 진도를 준비하는 모습도 보이는 등 자기주도적인 태도가 매우 안정적입니다."
6.0,자기주도 학습 태도,습관이 잘 잡혀 있음,117.0,"학습에 대한 동기부여가 분명하고, 자신이 무엇을 알고 무엇이 부족한지를 스스로 판단해 학습을 조절할 줄 압니다. 정해진 과제 외에도 자발적인 학습 시도가 자주 관찰되며, 책임감 있고 성숙한 태도가 인상적입니다."
7.0,자기주도 학습 태도,습관이 잘 잡혀 있음,111.0,"항상 준비된 태도로 수업에 임할 뿐 아니라, 학습 후에도 스스로 부족한 부분을 복습하거나 확인하는 모습을 보여줍니다. 외부의 지시나 감독 없이도 스스로 학습 태도를 만들어가는 능력이 매우 뛰어납니다."
8.0,자기주도 학습 태도,습관이 잘 잡혀 있음,117.0,"학습 목표를 분명히 설정하고, 그것을 달성하기 위해 꾸준히 실천해 나가는 과정이 안정적입니다. 필요한 자료를 스스로 찾아보거나, 모르는 개념을 반복하는 자세 등에서 매우 성숙한 자기주도성을 확인할 수 있습니다."
9.0,자기주도 학습 태도,습관이 잘 잡혀 있음,114.0,"학습 활동을 계획하고 실행하는 전 과정에서 높은 자기주도성이 드러납니다. 외부의 자극 없이도 스스로 학습을 이어가며, 학습 내용에 대해 깊이 이해하려는 태도도 뚜렷해 지속적인 성장가능성이 크게 기대됩니다."
10.0,자기주도 학습 태도,습관이 잘 잡혀 있음,103.0,"학습에 대한 태도 자체가 매우 진지하며, 복습, 예습, 과제 등 모든 과정에서 스스로 계획을 세워  수행하는 모습이 인상적입니다. 이런 학습에 주도성은 성장에 좋은 기반이 될 것입니다."
11.0,자기주도 학습 태도,습관이 잘 잡혀 있음,118.0,"학습에 대한 명확한 목표의식을 가지고 있으며, 이를 실천하기 위한 계획과 노력을 스스로 해내는 모습이 돋보입니다. 단순히 수행하는 데 그치지 않고, 자신의 방식으로 정리하고 확장해 가는 태도가 매우 인상적입니다."
12.0,자기주도 학습 태도,습관이 잘 잡혀 있음,115.0,"배운 내용을 곱씹고, 필요한 부분은 복습하거나 정리해 보려는 습관이 자연스럽게 자리잡혀 있습니다. 교사의 도움이 없어도 학습을 주도적으로 이어갈 수 있는 기반이 잘 형성되어 있어 매우 든든한 느낌을 줍니다."
13.0,자기주도 학습 태도,습관이 잘 잡혀 있음,102.0,매번 수업 시간 전후로 자신이 무엇을 더 보완해야 할지 스스로 점검하고 행동에 옮깁니다. 단기적인 결과보다 꾸준한 학습 습관 형성에 집중하는 태도에서 높은 자기관리 역량이 엿보입니다.
14.0,자기주도 학습 태도,습관이 잘 잡혀 있음,98.0,"스스로 학습 환경을 조절하고, 집중이 잘 되는 방식이나 시간대를 파악하여 효과적으로 공부하려는 노력이 보입니다. 자기주도 학습에 대한 이해도와 실천력이 모두 뛰어난 학생입니다."
15.0,자기주도 학습 태도,습관이 잘 잡혀 있음,104.0,"과제나 활동에서 보이는 태도 하나하나에 책임감이 묻어나며, 궁금한 점은 스스로 해결하려는 태도가 잘 자리잡혀 있습니다. 주체적인 학습 자세가 자연스럽게 실천으로 이어지고 있는 모습입니다."
16.0,자기주도 학습 태도,습관이 잘 잡혀 있음,98.0,복습이나 정리를 통해 학습한 내용을 자신만의 언어로 다시 구성하려는 노력이 자주 관찰됩니다. 외부 자극 없이도 스스로 동기부여하며 학습을 이어갈 줄 아는 점이 특히 뛰어납니다.
17.0,자기주도 학습 태도,습관이 잘 잡혀 있음,91.0,"공부의 주도권을 교사가 아닌 본인이 쥐고 있다는 느낌을 줄 정도로 자기주도적이며, 학습 목표에 도달하기 위해 차분히, 그리고 꾸준히 노력하는 모습이 인상 깊습니다."
18.0,자기주도 학습 태도,습관이 잘 잡혀 있음,106.0,"배움에 대한 태도가 매우 성숙하며, 결과에 연연하기보다는 과정을 중요하게 생각하며 스스로 성장의 발판을 만들어가는 모습이 자주 보입니다. 긴 호흡으로 학습을 바라볼 줄 아는 역량이 있습니다."
19.0,자기주도 학습 태도,습관이 잘 잡혀 있음,101.0,"단지 열심히 하는 것을 넘어, ‘어떻게 하면 더 잘할 수 있을까’를 고민하며 학습 전략을 스스로 조정하는 태도가 인상적입니다. 자율성과 실천력이 균형 있게 자리잡혀 있는 모습입니다."
20.0,자기주도 학습 태도,습관이 잘 잡혀 있음,95.0,"과제나 활동을 마무리한 뒤, 스스로 피드백을 주고받는 듯한 태도가 돋보입니다. 단순히 끝내는 것이 아니라 한번 더 확인하고 정리하며 완성도를 높이려는 성숙함이 느껴집니다."
21.0,자기주도 학습 태도,습관이 잘 잡혀 있음,97.0,"학습이 습관으로 정착되어 있어, 특별히 누가 시키지 않아도 정해진 시간에 스스로 학습을 이어갑니다. 자기주도성이 자연스럽게 일상 속에 녹아든 이상적인 학습 태도를 보여줍니다."
22.0,자기주도 학습 태도,습관이 잘 잡혀 있음,109.0,"공부에 있어서 ‘해야 하니까 한다’가 아니라, ‘알고 싶고 해내고 싶어서 한다’는 동기가 분명하게 보입니다. 내면에서 우러나는 열정이 자기주도성으로 연결되어 매우 안정된 학습 흐름을 만들어갑니다."
23.0,자기주도 학습 태도,습관이 잘 잡혀 있음,95.0,"자신의 수준을 솔직하게 바라보고, 부족한 부분은 보완하고 강점은 더 발전시키려는 자세가 자연스럽게 실천으로 이어집니다. 스스로 배우고 성장하려는 태도가 매우 인상적입니다."
24.0,자기주도 학습 태도,습관이 잘 잡혀 있음,91.0,"어떤 과제를 하든 그 안에서 의미를 찾고, 자신만의 기준으로 완성해내려는 모습이 일관되게 보입니다. 성실함과 주도성이 조화를 이루는 학습 태도가 매우 이상적입니다."
25.0,자기주도 학습 태도,습관이 잘 잡혀 있음,101.0,"배운 내용을 단지 이해하는 데 그치지 않고, 실생활이나 다른 문제에 적용해보려는 시도가 자주 보입니다. 스스로 연결 짓고 확장해 나가는 사고가 자연스러운 습관으로 자리잡고 있습니다."
26.0,자기주도 학습 태도,습관이 잘 잡혀 있음,91.0,"일정한 리듬으로 학습을 이어가며, 스스로 학습량과 속도를 조절할 수 있는 자기 인식 능력이 뛰어납니다. 조용하지만 깊이 있는 자기주도학습 태도가 매우 인상적입니다."
27.0,자기주도 학습 태도,습관이 잘 잡혀 있음,107.0,"주어진 학습을 미루거나 잊는 일이 거의 없으며, 오히려 스스로 더 깊이 있게 탐색해 보는 모습을 보여줍니다. 학습을 자기 시간표 안에 자연스럽게 녹여낸 자기주도적 생활습관이 매우 모범적입니다."
28.0,자기주도 학습 태도,습관이 잘 잡혀 있음,98.0,정해진 학습 외에도 스스로 문제를 더 찾아 풀거나 관련 내용을 더 살펴보려는 시도가 자주 보입니다. 단순한 문제 풀이를 넘어 학습 내용을 자기화하려는 진지한 태도가 돋보입니다.
29.0,자기주도 학습 태도,습관이 잘 잡혀 있음,95.0,"수업 시간에는 집중, 수업 후에는 정리, 과제는 철저히 마무리까지. 학습 전반에 걸쳐 자기주도성이 고르게 드러나며, 학습의 흐름을 자기 힘으로 잘 관리해 나가고 있습니다."
30.0,자기주도 학습 태도,습관이 잘 잡혀 있음,103.0,"공부를 '해야 할 일'이 아닌 '자신의 일'로 받아들이고 있으며, 교사의 피드백 없이도 학습의 흐름을 스스로 조절할 수 있습니다. 학습을 삶의 한 부분으로 잘 흡수하고 있는 모습입니다."
1.0,자기주도 학습 태도,꾸준히 노력 중이며 보완,116.0,"꾸준히 노력하며 스스로 학습을 이어가려는 의지가 느껴집니다. 다만 학습 계획 수립이나 시간 관리와 같은 일부 자기주도적 습관은 아직 보완이 필요해, 해당 부분을 중심으로 개별 지도와 상담을 진행하고 있습니다."
2.0,자기주도 학습 태도,꾸준히 노력 중이며 보완,115.0,"학습에 대한 태도는 성실하며 스스로 해보려는 노력도 보입니다. 다만 자기주도적인 학습 습관이 완전히 정착된 상태는 아니어서, 학원에서는 학습 동기 유지와 자기 점검 방법에 대해 지속적으로 코칭하고 있습니다."
3.0,자기주도 학습 태도,꾸준히 노력 중이며 보완,110.0,"책임감 있게 학습에 임하고 있으며 일정한 자기주도성이 형성되고 있습니다. 하지만 계획 수립과 실천의 균형을 잡는 데에 조금 더 연습이 필요해, 해당 부분을 중심으로 관찰과 상담을 병행하고 있습니다."
4.0,자기주도 학습 태도,꾸준히 노력 중이며 보완,108.0,"과제나 수업에 대해 스스로 관리하려는 의지가 있고, 일정 부분에서는 자기주도적인 행동도 관찰됩니다. 다만 학습 루틴 형성과 지속성 면에서 보완이 필요해 관련 부분을 중점적으로 지도하고 있습니다."
5.0,자기주도 학습 태도,꾸준히 노력 중이며 보완,104.0,"자기주도적으로 학습하려는 태도가 잘 형성되어 가는 중입니다. 다만 일부 영역에서는 지속적인 실천이나 자기 점검이 부족한 모습이 있어, 학원에서 코칭 중심의 상담을 통해 보완하고 있습니다."
6.0,자기주도 학습 태도,꾸준히 노력 중이며 보완,111.0,"기본적인 학습 자세는 안정적이며, 주도적으로 학습하려는 시도도 꾸준합니다. 그러나 학습 습관의 일관성과 계획적인 실천 면에서는 추가적인 조율이 필요해 개별 상담을 통해 방향을 함께 맞춰가고 있습니다."
7.0,자기주도 학습 태도,꾸준히 노력 중이며 보완,104.0,"스스로 학습을 이어가려는 노력이 잘 드러나고 있고, 일정 수준의 자기주도성이 관찰됩니다. 다만 학습의 흐름을 체계화하는 데에 약간의 어려움이 있어, 이에 대한 지도와 코칭을 병행중입니다."
8.0,자기주도 학습 태도,꾸준히 노력 중이며 보완,108.0,꾸준한 학습 태도가 인상적이며 자기주도적 접근을 시도하려는 자세도 보이고 있습니다. 다만 계획과 실행 사이의 간격을 줄이기 위한 구체적인 방법에 대해 지속적인 피드백과 상담을 이어가고 있습니다.
9.0,자기주도 학습 태도,꾸준히 노력 중이며 보완,101.0,"학습을 스스로 관리하려는 태도가 점점 자리를 잡아가고 있습니다. 그러나 아직 실천력과 지속성에서 아쉬운 부분이 있어, 자기조절 전략을 함께 세워가며 지도와 상담을 진행하고 있습니다."
10.0,자기주도 학습 태도,꾸준히 노력 중이며 보완,110.0,"자기주도적인 학습 습관을 형성하기 위한 노력은 충분히 이뤄지고 있습니다. 다만 실행력과 꾸준한 학습 습관 유지 면에서 약간의 보완이 필요한 상황으로, 해당 영역에 대해 집중적으로 코칭하고 있습니다."
11.0,자기주도 학습 태도,꾸준히 노력 중이며 보완,115.0,"스스로 학습을 해보려는 시도가 이어지고 있으며, 자기주도적 습관도 서서히 자리잡는 중입니다. 아직은 계획의 유지나 실천력이 다소 불안정하지만, 자연스러운 과정으로 보고 있으며, 지속적으로 코칭하고 있습니다."
12.0,자기주도 학습 태도,꾸준히 노력 중이며 보완,115.0,"학습에 대한 의지는 분명하고 성실한 편입니다. 자기주도학습은 이제 막 형성되어가는 시기로, 계획 수립이나 실행력 면에서 보완이 필요하지만, 흔히 보이는 자연스러운 모습입니다. 학원에서 잘 지도하고 있습니다."
13.0,자기주도 학습 태도,꾸준히 노력 중이며 보완,116.0,"스스로 학습을 챙기려는 태도는 꾸준히 보여주고 있으나, 일정한 루틴으로 이어지기엔 시간이 조금 더 필요한 단계입니다. 이 시기의 아이들에게 흔히 나타나는 모습으로, 학원에서 부드러운 태도로 지도하고 있습니다."
14.0,자기주도 학습 태도,꾸준히 노력 중이며 보완,114.0,"학습 계획을 스스로 세우려는 의지가 보이며, 일부 실천도 이루어지고 있습니다. 다만 아직 실행과 유지 측면에서 기복이 있습니다. 이 시기에 충분히 자연스러운 일로 판단되며 격려 중심으로 지도하고 있습니다."
15.0,자기주도 학습 태도,꾸준히 노력 중이며 보완,115.0,"성실하게 노력하고 있으며, 자기주도적으로 학습하려는 자세도 갖춰가고 있습니다. 다만 완성된 습관으로 자리잡지 못한 부분은 또래 학생들에게서 흔히 보이는 현상으로, 습관으로 자리잡을 수 있도록 지원하겠습니다."
16.0,자기주도 학습 태도,꾸준히 노력 중이며 보완,116.0,"학습을 스스로 해보려는 시도가 자주 보입니다. 하지만 계획의 실천이나 반복 습관 형성은 여전히 완성되지 못한 단계입니다. 이 시기 학생들에게 자연스러운 모습이며, 꾸준히 관찰하고 정서적으로 지원하고 있습니다."
17.0,자기주도 학습 태도,꾸준히 노력 중이며 보완,115.0,"자기주도학습에 대한 감각은 형성되고 있지만, 실천과 루틴화에는 다소 시간이 걸리는 모습입니다. 이는 또래들에게서 흔히 관찰되는 현상으로, 과도한 부담 없이 점진적으로 습관을 형성할 수 있도록 돕고 있습니다."
18.0,자기주도 학습 태도,꾸준히 노력 중이며 보완,117.0,"스스로 공부하려는 의지와 시도는 분명히 보이고 있습니다. 아직은 그 흐름이 일관되지는 않지만, 이 시기에는 오히려 자연스러운 과정으로 보고 있으며, 강점 중심 피드백과 반복 지도를 통해 안정화를 돕고 있습니다."
19.0,자기주도 학습 태도,꾸준히 노력 중이며 보완,111.0,"학습에 책임감을 가지려는 태도는 충분하지만, 실천의 일관성과 자기 점검은 조금씩 만들어지는 중입니다. 또래에서 자주 관찰되는 현상으로, 부담 없이 루틴을 만들어갈 수 있도록 코칭을 이어가고 있습니다."
20.0,자기주도 학습 태도,꾸준히 노력 중이며 보완,114.0,"계획하고 실천하는 과정에서 아직은 기복이 있지만, 스스로 해보려는 태도는 점차 단단해지고 있습니다. 이 시기엔 누구나 겪는 자연스러운 성장 과정이며, 학원에서도 그 흐름에 맞춰 조율하며 지도하고 있습니다."
21.0,자기주도 학습 태도,꾸준히 노력 중이며 보완,115.0,"최근 스스로 학습을 관리해 보려는 시도가 이어지고 있으며, 이전보다 자기주도적인 태도가 점차 뚜렷해지고 있습니다. 아직 완성된 단계는 아니지만, 긍정적인 전환점이 될 것으로 기대하며 집중 지도하고 있습니다."
22.0,자기주도 학습 태도,꾸준히 노력 중이며 보완,116.0,"학습을 단순히 따라가는 것이 아니라 스스로 조절해 보려는 모습이 보이기 시작했습니다. 자기주도학습 습관이 자리잡는 초기 단계로, 현재의 시도들이 앞으로의 학습 습관에 중요한 전환점이 되도록 지원하고 있습니다."
23.0,자기주도 학습 태도,꾸준히 노력 중이며 보완,118.0,"최근 스스로 학습 루틴을 만들어보려는 모습이 늘어나고 있습니다. 아직은 불안정한 부분도 있지만, 이 시기가 자기주도성을 본격적으로 형성해가는 전환점이 될 수 있어 학원에서도 격려 중심의 코칭을 병행하고 있습니다."
24.0,자기주도 학습 태도,꾸준히 노력 중이며 보완,118.0,"계획 수립, 자기 점검 등 자기주도학습의 핵심 요소들이 하나씩 시도되고 있습니다. 아직 완전히 굳어진 습관은 아니지만, 현재의 변화가 이후 학습 태도에 긍정적인 흐름을 만들어줄 중요한 시기라고 판단하고 있습니다."
25.0,자기주도 학습 태도,꾸준히 노력 중이며 보완,116.0,"학습을 주체적으로 해보려는 의지가 최근 들어 자주 관찰되고 있어 매우 반가운 변화입니다. 자기주도적인 습관을 만드는 시작점으로 보고 있으며, 그 전환이 잘 자리잡을 수 있도록 학원에서도 세심하게 지도중입니다."
26.0,자기주도 학습 태도,꾸준히 노력 중이며 보완,114.0,"자기주도적으로 학습을 이어가려는 마음가짐이 전보다 뚜렷해지고 있습니다. 아직 실행력과 지속성에서 보완이 필요하지만, 이 시기의 작은 변화들이 앞으로 큰 성장의 기점이 될 수 있도록 힘을 실어주고 있습니다."
27.0,자기주도 학습 태도,꾸준히 노력 중이며 보완,116.0,"단순히 학습을 수행하는 단계를 넘어, 스스로 계획하거나 정리하려는 시도가 자주 보입니다. 이러한 변화는 자기주도성을 강화하는 분기점으로 매우 중요하게 보고 있으며, 학원에서도 그 흐름을 안정화시키고 있습니다."
28.0,자기주도 학습 태도,꾸준히 노력 중이며 보완,118.0,"학습에 대한 태도에서 ‘스스로 해보겠다’는 방향 전환이 감지되고 있어 매우 고무적입니다. 작은 시도이지만, 이러한 변화들이 모여 자기주도적 습관으로 이어지는 전환점이 될 수 있도록 학원에서 세심하게 지도중입니다."
29.0,자기주도 학습 태도,꾸준히 노력 중이며 보완,118.0,"꾸준히 노력해온 기반 위에 이제는 스스로 학습을 조율해 보려는 흐름이 형성되고 있습니다. 이러한 전환의 시점을 잘 잡아주는 것이 중요한 시기로 보고 있으며, 학원에서도 지속적인 격려와 피드백을 이어가고 있습니다."
30.0,자기주도 학습 태도,꾸준히 노력 중이며 보완,114.0,"최근 들어 자기주도적으로 학습하려는 태도가 점차 안정되어 가고 있으며, 작은 변화들이 쌓여가는 시점입니다. 지금의 흐름은 앞으로 습관 정착에 있어 전환점이 될 수 있어, 관심을 가지고 이끌어가고 있습니다."
1.0,학생의 정서적인 상태,밝고 긍정적 안정감,118.0,"인사나 대화에서 항상 밝은 에너지가 느껴지며, 친구와의 관계에서도 자연스럽고 따뜻한 상호작용을 이어가고 있습니다. 표정, 말투, 반응 모두 긍정적이며 정서적으로 매우 안정된 상태로, 별다른 우려는 없어 보입니다."
2.0,학생의 정서적인 상태,밝고 긍정적 안정감,115.0,"수업 시간 내내 표정이 밝고 반응이 적극적이며, 친구들과도 능동적으로 소통하며 정서적 유연함이 잘 느껴집니다. 어려운 상황에서도 긍정적으로 받아들이려는 태도가 있어, 전반적인 정서 상태는 매우 안정적입니다."
3.0,학생의 정서적인 상태,밝고 긍정적 안정감,117.0,"관찰 기간 내내 학생의 정서 상태는 밝고 유쾌한 편이었으며, 수업중 사소한 유머에도 웃으며 반응하는 여유가 느껴졌습니다. 감정 표현도 적절하게 이뤄지고 있어 교사 입장에서도 매우 편안하게 느껴지는 분위기입니다."
4.0,학생의 정서적인 상태,밝고 긍정적 안정감,112.0,"학습 상황 외에도 친구들과의 짧은 대화, 쉬는 시간의 행동 등을 통해 보았을 때, 감정 표현이 긍정적인 정서 흐름을 유지하고 있습니다. 특별히 걱정할 만한 감정 기복이나 위축된 모습은 보이지 않습니다."
5.0,학생의 정서적인 상태,밝고 긍정적 안정감,110.0,"작은 성과 하나에도 성취감을 느끼며 스스로 즐거워하고, 다른 친구의 발표나 참여도 격려하는 모습이 인상 깊었습니다. 타인을 배려하고 자신에 대해서도 긍정적으로 바라보는 태도가 잘 형성되어 있습니다."
6.0,학생의 정서적인 상태,밝고 긍정적 안정감,111.0,"표정과 몸짓, 말투 전반에서 밝고 안정된 감정 상태가 느껴집니다. 새로운 활동에도 거부감 없이 참여하며, 수업 전후의 짧은 대화 속에서도 일관된 정서적 안정감과 긍정적인 성향이 지속적으로 관찰됩니다."
7.0,학생의 정서적인 상태,밝고 긍정적 안정감,107.0,"상대방의 말에 귀기울이고 자신의 감정도 차분히 표현하는 모습이 자주 관찰됩니다. 친구들과의 관계도 원만하며, 일상적인 학원 생활 속에서 위축되거나 불안해하는 모습 없이 즐겁게 지내고 있습니다."
8.0,학생의 정서적인 상태,밝고 긍정적 안정감,114.0,"자신의 생각을 명확히 표현하고, 때로는 주변 친구들에게 따뜻한 말로 응원도 건넵니다. 긍정적인 정서 표현이 자연스럽고, 정서 기복 없이 일관된 밝은 분위기를 유지하고 있어 매우 안정적인 상태로 판단됩니다."
9.0,학생의 정서적인 상태,밝고 긍정적 안정감,104.0,"어떤 상황에서도 웃음을 잃지 않고 주변에 긍정적인 에너지를 전하는 성격입니다. 수업중 실수를 하더라도 유연하게 넘기고, 자신감 있게 반응하는 태도에서 정서적 여유와 안정감이 느껴졌습니다."
10.0,학생의 정서적인 상태,밝고 긍정적 안정감,114.0,"수업 내외로 교사나 친구들과의 상호작용에서 늘 따뜻하고 활기찬 반응을 보이며, 감정적으로도 매우 건강한 흐름을 유지하고 있습니다. 교사 입장에서 보았을 때, 정서적으로 특별히 우려할 부분은 없어 보입니다."
11.0,학생의 정서적인 상태,밝고 긍정적 안정감,118.0,"매일 학원에 들어설 때 인사부터 수업 마무리까지, 전체적인 분위기 속에서 긍정적인 에너지가 꾸준히 느껴집니다. 주변 친구들에게도 좋은 영향을 주며, 스스로의 감정을 건강하게 표현하는 능력도 잘 형성되어 있습니다."
12.0,학생의 정서적인 상태,밝고 긍정적 안정감,110.0,"감정 표현이 또래보다 성숙한 편이며, 작은 갈등 상황에서도 유연하게 대처하려는 태도가 인상적입니다. 짧은 대화 속에서도 밝고 안정된 정서 흐름이 꾸준히 유지되고 있어 걱정하실 부분은 없어 보입니다."
13.0,학생의 정서적인 상태,밝고 긍정적 안정감,106.0,"수업 참여시 반응이 생동감 있고 표정 변화도 자연스럽습니다. 본인의 감정은 솔직하게 표현하고, 타인의 감정에도 공감할 줄 아는 모습이 자주 관찰되며, 전반적인 정서 상태는 매우 안정적입니다."
14.0,학생의 정서적인 상태,밝고 긍정적 안정감,112.0,"평소 말투와 행동에서 여유와 자신감이 느껴지며, 예상치 못한 상황에서도 차분히 반응하는 모습이 돋보입니다. 또래 친구들과의 관계도 매우 원만하여 정서적으로 건강하고 균형 잡힌 모습을 보여주고 있습니다."
15.0,학생의 정서적인 상태,밝고 긍정적 안정감,110.0,"새로운 환경이나 활동에 대한 적응이 빠르며, 긍정적인 태도로 모든 상황을 유연하게 받아들이는 성향입니다. 정서적으로 위축된 모습 없이 밝고 자연스럽게 감정을 표현하는 모습이 자주 관찰되고 있습니다."
16.0,학생의 정서적인 상태,밝고 긍정적 안정감,112.0,"소소한 즐거움도 잘 느끼고 표현하며, 실패나 실수에도 낙담하지 않고 유쾌하게 넘어가는 유연함이 있습니다. 감정 기복 없이 편안하고 안정된 정서 상태를 유지하고 있어, 정서적으로 매우 건강한 모습입니다."
17.0,학생의 정서적인 상태,밝고 긍정적 안정감,107.0,"관찰 기간 동안 한결같이 안정적인 정서를 유지하고 있으며, 스스로를 긍정적으로 인식하고 있는 모습이 보입니다. 친구들과도 자주 웃으며 대화하고, 배움 자체를 즐기는 밝은 에너지가 인상적입니다."
18.0,학생의 정서적인 상태,밝고 긍정적 안정감,114.0,"자신감 있는 태도 속에 배려심도 함께 녹아 있어, 또래 사이에서 중심적인 역할을 맡기도 합니다. 정서 표현이 서툴지 않고 감정 조절력도 뛰어나, 학교생활뿐 아니라 일상생활에서도 안정적인 모습으로 보입니다."
19.0,학생의 정서적인 상태,밝고 긍정적 안정감,109.0,"상황을 긍정적으로 해석하려는 태도가 자연스럽고, 자신의 감정을 객관적으로 바라볼 수 있는 힘이 느껴집니다. 작은 실수에도 유연하게 대처하며 정서적 충격 없이 다시 집중하는 모습이 자주 나타납니다."
20.0,학생의 정서적인 상태,밝고 긍정적 안정감,104.0,"수업중간중간 보여주는 반응과 친구들과의 대화를 통해 항상 밝은 감정의 흐름이 느껴집니다. 정서적으로 예민하거나 과도한 감정 기복은 전혀 없이, 일관되게 안정된 분위기를 유지하고 있습니다."
21.0,학생의 정서적인 상태,밝고 긍정적 안정감,104.0,"말 한마디, 작은 표정 변화에서도 정서적 여유가 느껴지며, 긍정적인 사고방식을 기반으로 다양한 상황에 잘 적응합니다. 또래 친구들에게도 긍정적인 영향을 주는 밝은 기질을 가지고 있습니다."
22.0,학생의 정서적인 상태,밝고 긍정적 안정감,110.0,"자신을 표현하는 데 거리낌이 없고, 주변 사람들과의 관계에서도 갈등 없이 원만한 교류가 이뤄지고 있습니다. 감정 표현이 자연스럽고 일관되어 있어 정서적인 부분에 대해 특별히 우려되는 점은 없습니다."
23.0,학생의 정서적인 상태,밝고 긍정적 안정감,111.0,"교사와의 소통에서도 편안한 분위기를 유지하며, 질문에 대한 반응이나 학습 중 대화 속에서 기분 좋고 안정된 정서 상태가 그대로 전해집니다. 교실 분위기를 부드럽게 만드는 밝은 에너지를 갖고 있습니다."
24.0,학생의 정서적인 상태,밝고 긍정적 안정감,102.0,"작은 성취에도 진심으로 기뻐하고, 타인의 성과에도 아낌없이 박수를 보내는 여유로운 태도가 인상 깊었습니다. 감정의 폭이 건강하게 열려 있어 정서적으로 매우 안정되어 있다고 판단됩니다."
25.0,학생의 정서적인 상태,밝고 긍정적 안정감,100.0,"처음 만나는 친구와도 쉽게 어울리고, 낯선 활동에도 스스로 흥미를 느끼며 자연스럽게 녹아드는 모습이 자주 관찰됩니다. 개방적이고 긍정적인 정서 상태가 지속적으로 유지되고 있습니다."
26.0,학생의 정서적인 상태,밝고 긍정적 안정감,102.0,"가끔 사소한 실수가 있을 때도 스스로 격려하며 넘기는 모습에서 자기 회복력이 잘 형성되어 있음을 느꼈습니다. 외부 자극에 과도하게 흔들리지 않으며, 정서적으로 탄탄한 기반이 있습니다."
27.0,학생의 정서적인 상태,밝고 긍정적 안정감,97.0,"즐거운 일뿐 아니라 어려운 상황에서도 긍정적인 의미를 찾으려는 태도가 몸에 배어 있습니다. 감정에 치우치지 않고 상황을 균형 있게 바라보며, 정서적으로 매우 성숙한 편입니다."
28.0,학생의 정서적인 상태,밝고 긍정적 안정감,106.0,"무리한 감정 표현이나 갑작스러운 반응 없이 늘 안정된 모습을 보이며, 본인의 기분을 잘 조절하고 전달하는 능력이 뛰어납니다. 친구들 사이에서도 정서적 안정감을 주는 존재로 자리잡고 있습니다."
29.0,학생의 정서적인 상태,밝고 긍정적 안정감,100.0,"자신에 대한 긍정적인 자기인식이 잘 형성되어 있어, 작은 도전이나 실패 앞에서도 기죽지 않고 자신의 리듬대로 다시 도전하려는 태도가 돋보입니다. 정서적으로 매우 단단한 아이입니다."
30.0,학생의 정서적인 상태,밝고 긍정적 안정감,110.0,"학습 상황 외에도 쉬는 시간, 교사와의 짧은 대화 등 다양한 순간에서 정서적으로 밝고 유쾌한 에너지가 느껴집니다. 감정 표현의 균형도 잘 잡혀 있어, 전체적으로 매우 건강한 정서 상태로 판단됩니다."
1.0,학생의 정서적인 상태,감정적 약간의 변화 있음.,114.0,"최근 들어 평소보다 다소 조용한 모습이 자주 관찰되고 있습니다. 특별히 우려할 만한 정황은 아니지만, 이 시기에는 다양한 정서 변화가 나타날 수 있기에 학원에서도 더욱 따뜻하게 교감하며 지켜보고 있습니다."
2.0,학생의 정서적인 상태,감정적 약간의 변화 있음.,115.0,"최근 감정 표현의 강도가 살짝 줄어든 느낌이 있어 유심히 지켜보고 있습니다. 또래 간 자연스러운 변화일 수 있는 만큼, 학원에서는 학생이 편안하게 감정을 나눌 수 있도록 부드러운 분위기를 유지하고 있습니다."
3.0,학생의 정서적인 상태,감정적 약간의 변화 있음.,103.0,"예전보다 말수가 약간 줄거나 반응이 차분해진 모습이 간헐적으로 보입니다. 사춘기나 일시적인 피로의 일부일 수 있으나, 학원에서는 학생의 정서를 존중하며 편안한 교감을 이어가고 있습니다."
4.0,학생의 정서적인 상태,감정적 약간의 변화 있음.,111.0,"최근 수업중 집중도는 여전히 높지만, 감정 표현이 조금 조심스러워진 인상이 있습니다. 크게 우려할 부분은 아니며, 학원에서는 따뜻한 눈빛과 대화를 통해 학생의 정서 흐름을 자연스럽게 살피고 있습니다."
5.0,학생의 정서적인 상태,감정적 약간의 변화 있음.,117.0,"일상적인 상황에서는 밝고 잘 지내지만, 일부 살짝 움츠러드는 반응이 보여 교사 입장에서 조금 더 관심을 갖고 지켜보고 있습니다. 이 시기에는 흔히 나타나는 정서 흐름의 변화로 보고 있으며 편안하게 교감중입니다."
6.0,학생의 정서적인 상태,감정적 약간의 변화 있음.,112.0,"수업 태도나 친구들과의 상호작용은 전반적으로 양호하나, 이전보다 감정 표현의 폭이 줄어든 모습이 느껴집니다. 정서적으로 특별히 걱정되진 않지만, 작은 변화도 놓치지 않도록 주의 깊게 관찰하고 있습니다."
7.0,학생의 정서적인 상태,감정적 약간의 변화 있음.,114.0,"밝은 표정과 반응은 유지되고 있으나, 간혹 혼자 있고 싶어하는 듯한 분위기가 느껴질 때가 있습니다. 누구에게나 찾아올 수 있는 자연스러운 흐름으로 보고 있으며, 무리 없이 다가갈 수 있도록 노력 중입니다."
8.0,학생의 정서적인 상태,감정적 약간의 변화 있음.,117.0,"전체적으로 잘 지내고 있고 수업에도 성실히 참여하고 있지만, 감정 표현에서 약간의 망설임이 느껴지는 시점입니다. 지나친 걱정은 안 하셔도 되며, 학원에서 자연스러운 교감을 통해 정서적 안정감을 도울 예정입니다."
9.0,학생의 정서적인 상태,감정적 약간의 변화 있음.,111.0,"최근 감정 표현의 빈도가 살짝 줄고, 예전보다 말수가 조용해진 모습이 드물게 나타나고 있습니다. 정서적인 안정 상태는 유지되고 있으나, 학원에서는 좀 더 따뜻하게 다가가며 변화에 귀기울이고 있습니다."
10.0,학생의 정서적인 상태,감정적 약간의 변화 있음.,116.0,"수업중 반응과 집중도는 여전히 좋지만, 이전보다 감정 표현이 약간 눌린 듯한 느낌이 있는 순간도 관찰됩니다. 이 시기의 일시적인 변화로 보고 있으며, 학원에서는 따뜻한 관심으로 정서적인 교감을 이어가겠습니다."
11.0,학생의 정서적인 상태,감정적 약간의 변화 있음.,115.0,"최근 감정 표현이 이전보다 조금 조심스러워진 듯합니다. 또래 아이들에게서 흔히 나타나는 일시적인 흐름으로 보고 있으며, 학원에서는 부담을 주지 않으면서 자연스럽게 교감할 수 있도록 면밀히 지켜보고 있습니다."
12.0,학생의 정서적인 상태,감정적 약간의 변화 있음.,117.0,"수업 참여와 관계 형성에는 문제가 없지만, 간혹 표정이나 반응에서 잠시 멈칫하는 듯한 모습이 관찰됩니다. 이 시기에는 감정의 흐름이 민감해질 수 있어 학원에서는 조심스럽게 다가가며 정서적으로 지지하고 있습니다."
13.0,학생의 정서적인 상태,감정적 약간의 변화 있음.,117.0,"최근 감정 반응이 예전보다 살짝 차분해진 경향이 있습니다. 특정한 원인으로 보이지는 않으며, 이 시기에 흔히 나타날 수 있는 정서적 리듬의 변화로 보고 있습니다. 조용히 관심을 두고 따뜻하게 지켜보고 있습니다."
14.0,학생의 정서적인 상태,감정적 약간의 변화 있음.,113.0,"한두 차례 감정 표현이 평소와 다른 모습이 있었으나, 이는 성장 과정에서 자주 나타나는 자연스러운 흐름으로 판단됩니다. 학원에서는 무리 없이 편안한 대화를 이어가며 학생의 상태를 면밀히 살피고 있습니다."
15.0,학생의 정서적인 상태,감정적 약간의 변화 있음.,116.0,"학습이나 교우관계에서 큰 어려움은 없지만, 간혹 정서적으로 살짝 예민해지는 순간이 있었습니다. 이 시기에는 누구나 겪을 수 있는 변화로 보고 있으며, 학원에서는 부드럽게 교감하며 조심스럽게 살펴보고 있습니다."
16.0,학생의 정서적인 상태,감정적 약간의 변화 있음.,118.0,"평소와 크게 다르진 않지만, 감정의 여유가 약간 줄어든 듯한 느낌이 드는 시점이 있었습니다. 특별히 걱정하실 상황은 아니며, 학생이 편안하게 느낄 수 있도록 말과 표정 하나하나에 더 신경 쓰며 살펴보고 있습니다."
17.0,학생의 정서적인 상태,감정적 약간의 변화 있음.,111.0,"최근 들어 감정 표현이 다소 간결해진 모습이 있어 유심히 보고 있습니다. 아이들마다 그 시기에 따라 자연스럽게 변화하는 부분으로 이해하고 있으며, 학원에서는 무리하지 않고 따뜻하게 다가가고 있습니다."
18.0,학생의 정서적인 상태,감정적 약간의 변화 있음.,116.0,"일상적인 상황에서는 평소처럼 잘 지내고 있으나, 특정 순간에서 감정 반응이 잠시 미묘하게 줄어드는 느낌이 들었습니다. 정서적인 조율이 필요한 시기일 수 있어 조심스럽게 살피며 교감의 기회를 넓혀가고 있습니다."
19.0,학생의 정서적인 상태,감정적 약간의 변화 있음.,114.0,"표정과 분위기에서 순간적으로 차분해지는 인상이 느껴진 적이 있으나, 또래 아이들에게 흔히 나타나는 자연스러운 흐름으로 판단됩니다. 학원에서는 학생의 호흡에 맞춰 정서적 여유를 만들어주려 노력하고 있습니다."
20.0,학생의 정서적인 상태,감정적 약간의 변화 있음.,112.0,"감정 표현이 일관적으로 안정되어 있다가 최근 살짝 무뎌지는 듯한 반응이 있어 신중하게 관찰하고 있습니다. 걱정하실 정도의 변화는 아니며, 학원에서는 학생이 편안하게 표현할 수 있도록 조율하고 있습니다."
21.0,학생의 정서적인 상태,감정적 약간의 변화 있음.,116.0,"최근 예전보다 조용한 모습이 보이긴 하지만, 수업에 집중하고 친구들과도 무리 없이 어울리고 있습니다. 성장 과정에서 나타날 수 있는 정서의 변화로 보고 있으며, 학생의 속도에 맞춰 부드럽게 다가가고 있습니다."
22.0,학생의 정서적인 상태,감정적 약간의 변화 있음.,117.0,"최근 눈빛이 살짝 차분해진 듯한 인상이 있었고, 말수가 줄어든 날도 있었습니다. 하지만 활동에는 잘 참여하고 있어 일시적인 흐름으로 보고 있습니다. 불필요한 자극 없이 따뜻하게 반응을 살피며 지켜보고 있습니다."
23.0,학생의 정서적인 상태,감정적 약간의 변화 있음.,114.0,"한동안은 눈맞춤도 잘하고 반응도 활기찼는데, 최근엔 간혹 미소가 조금 덜한 날도 있습니다. 정서적 조절력이 형성되어가는 시기로 보고 있으며, 학생이 편안하게 감정을 표현할 수 있도록 조심스레 교감중입니다."
24.0,학생의 정서적인 상태,감정적 약간의 변화 있음.,117.0,"아주 사소한 상황에서도 전보다 조금 더 신중해지는 모습이 보여, 아이의 감정 변화에 관심을 두고 있습니다. 누구에게나 나타날 수 있는 성장의 한 부분으로 이해하고 있으며, 친근한 대화 속에서 다가가고 있습니다."
25.0,학생의 정서적인 상태,감정적 약간의 변화 있음.,116.0,"최근 들어 말투가 좀 더 조용하고 대화의 전개에서 살짝 민감한 듯한 순간들이 있었습니다. 걱정하실 정도는 전혀 아니며, 학원에서는 학생이 편안하게 느끼는 방식으로 조심스럽고 따뜻하게 소통을 이어가고 있습니다."
26.0,학생의 정서적인 상태,감정적 약간의 변화 있음.,116.0,"평소보다 감정을 조금 눌러 표현하는 듯한 모습이 드문드문 관찰되긴 했지만, 수업이나 활동에는 잘 적응하고 있습니다. 정서의 깊이가 생기는 시기라고 생각하며, 자연스럽게 마음을 열 수 있도록 함께하고 있습니다."
27.0,학생의 정서적인 상태,감정적 약간의 변화 있음.,118.0,"요즘엔 활짝 웃는 시간이 조금 줄어든 듯해 눈여겨보고 있습니다. 다만 친구들과는 여전히 잘 지내고 있고, 수업중 몰입도도 유지되고 있어 일시적인 흐름으로 보고 있습니다. 따뜻한 시선으로 곁에서 함께하고 있습니다."
28.0,학생의 정서적인 상태,감정적 약간의 변화 있음.,117.0,"소소한 실수에도 예전보다 조금 더 민감하게 반응하는 날이 있어 정서적 리듬을 조심스럽게 살피고 있습니다. 큰 걱정은 없으며, 아이의 감정이 자연스럽게 풀릴 수 있도록 편안한 분위기를 유지하며 다가가고 있습니다."
29.0,학생의 정서적인 상태,감정적 약간의 변화 있음.,116.0,"대체로 밝은 편이지만 요즘은 스스로를 살피는 듯한 조용한 모습이 보입니다. 이 시기에 자주 나타나는 자기 조절 과정의 과정으로 보며, 학생의 리듬에 맞춰 기다리며 필요한 순간에 부드럽게 손을 내밀고 있습니다."
30.0,학생의 정서적인 상태,감정적 약간의 변화 있음.,114.0,"최근 감정을 표현하는 모습이 약간 줄어든 날이 있었지만, 전반적인 흐름은 안정적입니다. 감정을 정리하고 내면화하는 시기로 보여지며, 무리한 개입 없이 아이의 신호에 귀기울이며 조심스럽게 함께하고 있습니다."
1.0,교사와의 관계,친밀하고 예의 있음,118.0,"수업 이나 대화중 언제나 교사에게 예의를 갖춰 반응하며, 말투나 태도에서도 자연스럽고 존중하는 마음이 느껴집니다. 친근하면서도 선을 잘 지키는 편으로, 교사와의 관계가 매우 안정적이고 편안하게 형성되어 있습니다."
2.0,교사와의 관계,친밀하고 예의 있음,117.0,"교사와의 관계가 매우 부드럽고 편안하며, 말 한마디 한마디에 예의 바른 태도가 일관되게 드러납니다. 작은 요청에도 정중히 반응하고, 웃으며 대화하는 모습에서 존중과 신뢰가 잘 자리잡혀 있음을 느낄 수 있습니다."
3.0,교사와의 관계,친밀하고 예의 있음,113.0,"교사와의 소통이 자연스럽고 원활하며, 말투나 눈빛에서도 상대에 대한 존중이 느껴집니다. 질문시에는 경청하려는 태도를, 답변시에는 예의 있는 표현을 사용하는 등 또래에 비해 성숙한 관계 맺음이 돋보입니다."
4.0,교사와의 관계,친밀하고 예의 있음,113.0,"수업 전후로 인사와 태도가 항상 깔끔하고 공손합니다. 교사와의 거리를 과하게 좁히지 않으면서도 따뜻하게 소통하는 모습에서, 기본적인 예절과 어른에 대한 존중심이 자연스럽게 배어 있음을 느낄 수 있습니다."
5.0,교사와의 관계,친밀하고 예의 있음,111.0,"질문을 하거나 도움을 요청할 때에도 말투가 정중하고, 상대방의 말에 끼어들지 않으려는 태도가 잘 지켜지고 있습니다. 교사와의 관계가 매우 안정적이며, 기본적인 예의범절이 잘 형성되어 있는 모습입니다."
6.0,교사와의 관계,친밀하고 예의 있음,107.0,"교사에게 장난스럽게 다가오는 순간이 있더라도 예의 있는 선을 지키며, 존중하는 말투와 태도를 유지하려는 노력이 엿보입니다. 신뢰와 친밀감이 균형 있게 유지되는 건강한 관계를 이어가고 있습니다."
7.0,교사와의 관계,친밀하고 예의 있음,111.0,"눈을 맞추며 차분하게 대화하는 태도, 작은 일에도 “감사합니다”를 잊지 않는 표현 등에서 어른에 대한 존중이 분명히 느껴집니다. 교사와의 신뢰관계도 깊어, 수업 외적인 대화에서도 편안함이 유지됩니다."
8.0,교사와의 관계,친밀하고 예의 있음,110.0,"교사의 말에 집중하며 경청하려는 태도가 좋고, 반응도 또박또박 정중하게 이어집니다. 말투나 표정 하나에서도 기본적인 예의가 잘 배어 있어, 또래 친구들 사이에서도 모범적인 태도를 보여주는 편입니다."
9.0,교사와의 관계,친밀하고 예의 있음,105.0,"교사와의 관계는 단지 친한 것을 넘어, 존중과 예의가 함께하는 관계로 잘 자리잡고 있습니다. 어른 앞에서 말과 행동을 조심스럽게 다듬으려는 태도도 보이며, 관계 안에서 안정감이 느껴집니다."
10.0,교사와의 관계,친밀하고 예의 있음,113.0,"인사나 질문, 일상적인 대화까지 모두 정중하면서도 자연스러운 흐름이 잘 유지됩니다. 교사에 대한 존중과 신뢰가 바탕이 되어 있어, 가르침에 잘 반응하며 예의 바르게 소통하는 모습이 지속적으로 관찰됩니다."
11.0,교사와의 관계,친밀하고 예의 있음,117.0,"교사에게 말을 걸 때는 늘 공손한 말투와 차분한 태도를 유지하며, 상대방의 말을 끝까지 듣는 모습이 인상적입니다. 밝고 정중하게 소통하려는 태도가 자연스럽게 배어 있어, 바르게 잘 자라고 있다는 느낌을 줍니다."
12.0,교사와의 관계,친밀하고 예의 있음,116.0,"인사 하나도 흐트러짐 없이 반듯하게 건네며, 말투나 시선에서도 상대방을 존중하는 태도가 느껴집니다. 어른과의 관계에서 예의와 친밀함의 균형을 잘 지키는 모습이 돋보이며, 정서적 성숙함이 자연스럽게 드러납니다."
13.0,교사와의 관계,친밀하고 예의 있음,114.0,"수업중 대화는 물론, 쉬는 시간의 짧은 소통 속에서도 교사에 대한 존중과 배려가 깃든 언행이 자주 관찰됩니다. 또래에 비해 의젓하고 성숙한 태도가 눈에 띄며, 올곧게 자라고 있는 모습이 참 보기 좋습니다."
14.0,교사와의 관계,친밀하고 예의 있음,118.0,"“감사합니다”, “괜찮아요” 같은 말이 자연스럽게 입에 배어 있고, 작은 칭찬에도 밝게 웃으며 반응하는 모습에서 바른 인성과 정서적 여유가 함께 느껴집니다. 신뢰와 존중 속에 안정적으로 관계가 형성되어 있습니다."
15.0,교사와의 관계,친밀하고 예의 있음,112.0,"자신의 의견을 말할 때에도 예의 있는 표현을 사용하고, 교사의 피드백에 고개를 끄덕이며 경청하는 태도가 인상적입니다. 어투, 태도 하나하나에서 배려와 존중이 느껴져 주변에도 좋은 영향을 주고 있습니다."
16.0,교사와의 관계,친밀하고 예의 있음,111.0,"상대방의 눈을 보고 이야기하려는 자세, 목소리 톤에 담긴 정중함, 질문에 대한 겸손한 반응 등에서 기본적인 예절이 잘 형성되어 있음을 느낄 수 있습니다. 참 건강하게 자라고 있다는 증거이기도 합니다."
17.0,교사와의 관계,친밀하고 예의 있음,109.0,"교사와의 소통에서 단순히 예의 바른 것을 넘어, 어른을 존중하는 마음이 담긴 태도가 느껴집니다. 배움을 겸손하게 받아들이고, 감사한 마음을 표현할 줄 아는 인성은 무엇보다 큰 성장으로 느껴집니다."
18.0,교사와의 관계,친밀하고 예의 있음,109.0,"교사에게 어떤 상황에서도 예의 있게 반응하고, 때론 장난스러워 보여도 선을 넘지 않으려는 태도가 엿보입니다. 말과 행동을 조절하며 관계를 유지하는 모습에서 또래 이상의 정서적 성숙함이 느껴집니다."
19.0,교사와의 관계,친밀하고 예의 있음,116.0,"어른에 대한 예우, 자신의 말과 행동에 대한 절제, 그리고 교사에 대한 신뢰와 호감이 조화롭게 어우러져 있습니다. 관계 안에서 안정감을 주는 아이로, 보는 사람마다 기분 좋게 만드는 에너지를 지니고 있습니다."
20.0,교사와의 관계,친밀하고 예의 있음,117.0,"감정 표현이 솔직하면서도 공손하고, 교사와의 대화에서도 겸손하고 예의 바른 태도가 지속적으로 유지되고 있습니다. 단순한 친밀함을 넘어, 존중과 신뢰를 기반으로 한 성숙한 관계를 이어가는 모습이 참 인상적입니다."
21.0,교사와의 관계,친밀하고 예의 있음,115.0,"교사와의 관계는 마치 오래 알고 지낸 사람처럼 자연스럽고 따뜻한 분위기입니다. 다정한 말투와 밝은 표정으로 소통하면서도, 말끝마다 예의를 잃지 않아 함께 있는 사람에게 편안함과 존중을 동시에 느끼게 합니다."
22.0,교사와의 관계,친밀하고 예의 있음,106.0,"장난도 나누고 웃음도 많지만, 경청할 땐 고개를 끄덕이며 교사의 말을 놓치지 않으려는 태도가 인상 깊습니다. 편안한 분위기 속에서도 존중과 배려를 바탕으로 관계를 맺는 모습이 보기 좋습니다."
23.0,교사와의 관계,친밀하고 예의 있음,100.0,"교사와 눈을 맞추며 웃으며 대화하는 모습이 자연스럽고 정겹습니다. 친밀감 속에서도 예의 바른 말투와 태도를 잊지 않고, 상대방을 존중하는 관계 맺음이 습관처럼 몸에 배어 있습니다."
24.0,교사와의 관계,친밀하고 예의 있음,111.0,"편안하게 이야기하면서도 선을 넘지 않고, 장난기 속에도 상대를 배려하는 태도가 느껴집니다. 교사와의 관계 안에서 안정감과 신뢰가 뚜렷하게 자리잡고 있어, 인성과 사회성 모두 건강하게 자라고 있습니다."
25.0,교사와의 관계,친밀하고 예의 있음,106.0,"대화중 교사의 말에 귀기울이며 웃으며 반응하고, 질문이 끝나기도 전에 고개를 끄덕이며 들어주는 모습이 인상적입니다. 교사와의 유대가 깊지만 공손함도 함께 유지되어 매우 보기 좋은 관계입니다."
26.0,교사와의 관계,친밀하고 예의 있음,111.0,"어려운 이야기를 나눌 때도 감정을 잘 전달하고, 반응도 성숙하게 표현하는 모습이 자주 보입니다. 친밀하지만 경계를 지킬 줄 알고, 존중을 잊지 않는 관계가 자연스럽게 형성되어 있어 매우 안정적입니다."
27.0,교사와의 관계,친밀하고 예의 있음,103.0,"수업중 짧은 눈맞춤이나 농담 한마디에도 따뜻한 교감이 느껴지고, 말 한마디에도 배려와 예의가 담겨 있습니다. 관계가 매우 부드럽고 깊지만, 결코 가볍지 않은 신뢰가 느껴지는 관계입니다."
28.0,교사와의 관계,친밀하고 예의 있음,112.0,"교사에게 먼저 다가와 안부를 묻거나 질문을 할 때도 말투 하나하나가 공손하고 성숙합니다. 친근한 관계 속에서도 기본적인 예절을 지키는 태도가 자연스럽게 드러나며, 또래보다도 정서적으로 안정된 편입니다."
29.0,교사와의 관계,친밀하고 예의 있음,113.0,"친밀감이 높아 대화가 편안하게 오가지만, 부탁할 때는 정중하게 표현하고, 피드백을 받을 땐 진지하게 받아들입니다. 교사와의 관계 속에 신뢰, 존중, 따뜻함이 균형 있게 자리하고 있어 매우 보기 좋습니다."
30.0,교사와의 관계,친밀하고 예의 있음,115.0,"교사와 자주 대화하며 신뢰를 쌓아가고 있으며, 평소 말투나 몸짓에서도 예의와 배려가 잘 배어 있습니다. 관계가 무척 가까워졌지만 항상 깍듯한 태도를 유지하고 있어, 인성과 관계 맺음 모두에서 모범이 됩니다."
1.0,교사와의 관계,낮가림이 있지만 극복중,113.0,"교사와의 관계에서 다소 조심스러운 면이 있지만, 말투나 태도에서는 정중함과 예의가 잘 드러납니다. 스스로 감정을 조절하며 천천히 관계를 형성해가고 있으며, 어른에 대한 존중의 마음이 분명하게 느껴집니다."
2.0,교사와의 관계,낮가림이 있지만 극복중,116.0,"말수가 많진 않지만, 교사의 말에 고개를 끄덕이며 집중하는 태도나 반응에서 예의 바름이 느껴집니다. 거리를 두는 듯 보일 수 있지만, 신중하게 관계를 맺는 방식으로 이해되며, 기본적인 존중 태도는 분명합니다."
3.0,교사와의 관계,낮가림이 있지만 극복중,105.0,"교사와의 소통이 많진 않지만, 인사와 말투에서 어른에 대한 예의가 또렷하게 나타납니다. 자신의 방식대로 조용히 관계를 이어가며, 부담스럽지 않게 거리와 예절의 균형을 잘 유지하고 있습니다."
4.0,교사와의 관계,낮가림이 있지만 극복중,111.0,"처음부터 다정하게 다가오는 성향은 아니지만, 대화를 나눌 때는 공손하고 차분한 태도를 유지합니다. 속 깊고 신중한 성격으로, 관계를 조급하지 않게 형성하며 예의 바른 자세를 꾸준히 보여주고 있습니다."
5.0,교사와의 관계,낮가림이 있지만 극복중,117.0,"교사와는 일정한 거리를 유지하며 조용히 수업에 참여하지만, 작은 말 한마디에서도 정중함이 느껴지고 말투나 표정에서 존중의 태도가 담겨 있습니다. 억지로 친해지기보다 편안한 거리에서 관계를 만들어가는 모습입니다."
6.0,교사와의 관계,낮가림이 있지만 극복중,108.0,"적극적으로 다가오지는 않지만, 인사나 반응에서 예의 바르고 정리된 태도가 잘 느껴집니다. 교사와의 관계에 있어 서두르지 않되, 상대방을 배려하며 차분히 관계를 쌓아가는 성숙한 접근이 돋보입니다."
7.0,교사와의 관계,낮가림이 있지만 극복중,117.0,"교사의 말을 조용히 듣고 차분히 반응하는 태도가 안정되어 있으며, 말이 적은 대신 예의와 경청이 몸에 배어 있습니다. 관계 형성에는 시간이 걸리는 편이지만, 기본적인 인성과 존중의 자세는 잘 형성되어 있습니다."
8.0,교사와의 관계,낮가림이 있지만 극복중,113.0,"말을 아끼는 성향이지만 교사의 말에 집중하고, 질문에 정중히 답하며 교실 안 질서를 존중하는 태도가 돋보입니다. 차분하고 예의 있는 태도로 관계를 안정적으로 이어가고 있어 특별히 염려할 부분은 없습니다."
9.0,교사와의 관계,낮가림이 있지만 극복중,108.0,"교사와의 거리감은 느껴질 수 있지만, 그 안에는 분명한 예의와 존중이 담겨 있습니다. 다정한 표현보다는 신중한 태도를 통해 관계를 만들어가며, 어른에 대한 예우가 자연스럽게 드러나는 학생입니다."
10.0,교사와의 관계,낮가림이 있지만 극복중,114.0,"자주 대화를 나누는 편은 아니지만, 필요한 순간에는 예의 바르고 명확한 태도로 반응합니다. 가까운 관계보다는 안정된 거리를 두는 편이며, 그 속에서도 교사에 대한 존중과 인성의 바탕이 느껴져 인상적입니다."
11.0,교사와의 관계,낮가림이 있지만 극복중,118.0,"처음에는 다소 낯을 가리는 모습이 있었지만, 시간이 지날수록 교사에게 조금씩 마음을 열고 자연스럽게 대화를 나누려는 시도가 보입니다. 조심스러운 태도를 유지하면서도 예의와 존중은 꾸준히 지키고 있어 긍정적입니다."
12.0,교사와의 관계,낮가림이 있지만 극복중,110.0,"처음엔 말수가 적고 눈맞춤도 조심스러웠지만, 요즘 짧은 대화나 반응 속에서 부드러운 신뢰가 쌓이고 있음이 느껴집니다. 예의 바른 태도는 유지하되 천천히 친밀한 관계를 만들어가는 과정이라 생각합니다."
13.0,교사와의 관계,낮가림이 있지만 극복중,117.0,"초반 교사와의 대화에서 망설임이 느껴졌지만, 이제는 짧게나마 먼저 말을 걸거나 미소로 반응하는 등 변화가 감지되고 있습니다. 기본적인 예의는 잘 갖춰져 있으며, 관계 형성의 흐름이 안정적으로 이어지고 있습니다."
14.0,교사와의 관계,낮가림이 있지만 극복중,118.0,"처음은 조심스러웠지만, 지금은 교사의 말에 웃으며 반응하거나 작게 질문을 건네는 등, 눈에 띄는 변화가 나타나고 있습니다. 신중한 성향이 있지만, 예의 바르고 따뜻한 교감이 서서히 이어지고 있어 흐름이 좋습니다."
15.0,교사와의 관계,낮가림이 있지만 극복중,115.0,"약간의 거리감이 있었던 초반과 달리, 최근에는 교사에게 자신을 더 드러내려는 모습이 보입니다. 인사나 반응에서도 따뜻함이 느껴지며, 서로 관계가 돈독해지고 있는 과정으로 정서적으로 매우 안정적으로 보입니다."
16.0,교사와의 관계,낮가림이 있지만 극복중,116.0,"교사와의 소통에 다소 시간이 걸렸지만, 이제는 표정이 부드러워지고 대화 속 반응도 눈에 띄게 따뜻해졌습니다. 예의는 항상 분명하게 지켜왔으며, 친밀감을 천천히 쌓아가는 방식이 건강한 성장 과정으로 느껴집니다."
17.0,교사와의 관계,낮가림이 있지만 극복중,105.0,"초기엔 다소 조심스러운 태도로 거리를 유지했으나, 이제는 짧은 질문이나 눈맞춤 속에서도 편안함이 느껴집니다. 존중과 예의는 일관되게 유지되며, 신뢰를 형성해나가는 흐름이 매우 긍정적입니다."
18.0,교사와의 관계,낮가림이 있지만 극복중,118.0,"교사와 자연스럽게 가까워지는 데 시간이 필요했던 편이지만, 지금은 눈빛과 말투에 점점 더 친근함이 배어가고 있습니다. 여전히 차분한 성격이지만, 예의 바른 태도 속에서 교감의 폭이 넓어지고 있어 흐름이 좋습니다."
19.0,교사와의 관계,낮가림이 있지만 극복중,112.0,"처음엔 다가서는 데 조심스러워했지만, 요즘은 교사에게 작은 농담도 건네고, 반응도 훨씬 부드러워졌습니다. 예의 바르고 배려 깊은 성향을 바탕으로 관계를 안정적으로 확장해나가고 있는 과정이 인상적입니다."
20.0,교사와의 관계,낮가림이 있지만 극복중,118.0,"교사와의 관계를 맺는 데 시간이 걸리는 스타일이지만, 최근에는 눈맞춤과 미소, 짧은 인사 등 관계가 천천히 가까워지는 거 같아 기쁩니다. 존중과 예절을 지키면서도 스스로 교감을 넓혀가는 모습을 보여주고 있습니다."
21.0,교사와의 관계,낮가림이 있지만 극복중,118.0,"초기에 다소 낯가리는 모습이 있었지만, 요즘은 교사의 말을 들을 때 자연스러운 미소나 고개 끄덕임으로 반응하는 모습이 자주 보입니다. 무리 없이 관계를 형성해 나가고 있으며, 기본적인 예의를 잘 갖추고 있습니다."
22.0,교사와의 관계,낮가림이 있지만 극복중,112.0,"초기엔 조용히 관찰하는 태도가 더 강했지만, 최근엔 교사에게 먼저 다가와 간단한 질문이나 인사를 건네는 등 관계가 조금씩 열리고 있습니다. 예의 바르고 신중한 성격 덕분에 흐름이 안정적이고 편안합니다."
23.0,교사와의 관계,낮가림이 있지만 극복중,116.0,"처음엔 감정을 쉽게 드러내지 않았지만, 요즘은 짧은 농담에도 웃으며 반응하거나 교사의 말에 편안하게 맞장구를 치는 모습이 눈에 띕니다. 자연스럽게 관계를 열어가는 과정에서 예의와 배려도 놓치지 않고 있습니다."
24.0,교사와의 관계,낮가림이 있지만 극복중,111.0,"교사와 눈을 마주치는 시간이 길어지고, 짧은 대화에서도 정서적인 여유가 생긴 모습이 보입니다. 여전히 조용한 편이지만, 존중과 공감이 묻어나는 반응이 많아지며 관계의 깊이가 천천히 더해지고 있습니다."
25.0,교사와의 관계,낮가림이 있지만 극복중,110.0,"처음엔 말보다는 행동으로 반응하는 편이었지만, 이제는 차분하게 질문에 답하고, 눈맞춤 속에서도 안정감이 느껴집니다. 예의 바르고 조심스러운 성격을 바탕으로 관계를 천천히 잘 쌓아가고 있는 중입니다."
26.0,교사와의 관계,낮가림이 있지만 극복중,114.0,"자신의 속도에 맞춰 천천히 마음을 여는 아이로, 교사와의 관계 역시 서서히 가까워지고 있습니다. 무리 없이, 그러나 꾸준히 교감하는 모습을 보이고 있으며, 말과 행동 모두에서 예의와 배려가 잘 드러납니다."
27.0,교사와의 관계,낮가림이 있지만 극복중,105.0,"수업 초반에는 낯가림으로 인해 대화가 적었지만, 최근에는 작은 반응 속에서 정서적인 열려 있음이 느껴집니다. 예의를 바탕으로 관계의 틀을 안정감 있게 만들어가려는 흐름이 매우 긍정적입니다."
28.0,교사와의 관계,낮가림이 있지만 극복중,115.0,"교사에게 말을 걸 때 눈치를 보던 모습은 점차 사라지고, 이제는 조심스러운 말투 속에서도 친근함이 묻어납니다. 기본적인 예절을 지키면서도 편안한 관계를 만들어가고 있어 정서적으로 건강한 흐름이라 판단됩니다."
29.0,교사와의 관계,낮가림이 있지만 극복중,118.0,"처음엔 다소 조심스러운 거리감이 있었지만, 시간이 지나며 신뢰를 쌓아가는 모습이 자주 관찰됩니다. 교사의 말을 경청하고, 반응할 땐 항상 예의 바른 태도로 응답하며 정서적 안정과 성숙함을 함께 보여주고 있습니다."
30.0,교사와의 관계,낮가림이 있지만 극복중,117.0,"낯가림이 있는 편이라 말이 많진 않지만, 감정 표현이 점점 더 부드러워지고 교사와의 상호작용에서도 편안한 기류가 형성되고 있습니다. 관계 속에서의 예의와 태도가 바르게 유지되고 있어 흐뭇하게 지켜보고 있습니다."
1.0,수업중 질문 활동,적극적으로 질문함,108.0,"수업중 궁금한 점이 생기면 주저 없이 질문하며, 교사의 설명에도 적극적으로 반응합니다. 질문의 깊이나 표현력도 매우 뛰어나, 단순한 학습을 넘어서 사고의 확장까지 이뤄지는 모습이 인상 깊습니다."
2.0,수업중 질문 활동,적극적으로 질문함,107.0,"교사의 한마디에 반짝이는 눈빛으로 질문을 던지고, 대화 속에서 자신의 생각을 적극적으로 펼치는 태도가 매우 인상적입니다. 학습을 주도하며 교사와의 교류를 자연스럽게 이어가는 모습이 돋보입니다."
3.0,수업중 질문 활동,적극적으로 질문함,108.0,"질문을 통해 자신의 이해를 더 넓히려는 태도가 뚜렷하며, 교사와의 짧은 대화 속에서도 호기심이 잘 드러납니다. 교류가 활발하고 집중력도 높아, 학습에 대한 열정이 자연스럽게 느껴지는 아이입니다."
4.0,수업중 질문 활동,적극적으로 질문함,111.0,"배운 내용을 스스로 정리하며 더 궁금한 부분을 찾아내고, 이에 대해 질문을 통해 확장해 나가는 모습이 자주 보입니다. 교사와의 상호작용이 매우 활발하며, 사고력과 표현력 모두에서 우수함이 돋보입니다."
5.0,수업중 질문 활동,적극적으로 질문함,112.0,"수업중 ‘왜 그런가요?’라는 질문을 자주 던지며, 단순 암기가 아닌 진정한 이해를 추구하려는 태도가 돋보입니다. 자신의 생각을 조리 있게 표현하며 교사와의 교류를 즐겁게 이어가는 모습이 인상 깊습니다."
6.0,수업중 질문 활동,적극적으로 질문함,104.0,"질문 하나도 의미 있게 던지며, 답을 듣고 나서도 스스로 생각을 덧붙이는 등 사고의 깊이가 느껴집니다. 교사와의 소통이 활발하며, 지적 호기심이 수업의 흐름을 더욱 풍성하게 만들어줍니다."
7.0,수업중 질문 활동,적극적으로 질문함,112.0,"질문을 잘 던질 뿐 아니라, 다른 친구들의 질문에도 관심을 갖고 귀기울이며 관련된 이야기를 이어가는 모습이 보입니다. 교사와는 물론, 교실 전체와 건강한 학습 대화를 만들어가는 모습이 참 인상적입니다."
8.0,수업중 질문 활동,적극적으로 질문함,115.0,"자신이 궁금한 점을 주도적으로 말로 표현하며, 교사의 설명에도 즉각 반응하는 모습이 자주 관찰됩니다. 대화 중에도 논리적인 흐름을 유지해, 질문이 단순한 호기심을 넘어 깊이 있는 학습으로 이어지고 있습니다."
9.0,수업중 질문 활동,적극적으로 질문함,113.0,"수업중 주제에 몰입하며, 맥락을 이해한 후 스스로 질문을 던지는 모습에서 학습에 대한 진정한 흥미가 느껴집니다. 교사와의 교류도 자연스럽고 활기차서 수업 분위기를 주도적으로 밝히는 역할을 하고 있습니다."
10.0,수업중 질문 활동,적극적으로 질문함,104.0,"질문이 단순한 정보 확인이 아닌, 사고를 넓히는 통로로 활용되는 모습이 인상 깊습니다. 교사와의 대화 속에서도 자신의 관점을 뚜렷이 표현하며, 교류의 깊이와 질이 모두 훌륭한 학생입니다."
11.0,수업중 질문 활동,적극적으로 질문함,99.0,"질문을 통해 개념을 더 깊이 이해하고, 스스로 생각을 넓혀가려는 태도가 자주 관찰됩니다. 단순한 호기심을 넘어서 학습 내용을 자기 것으로 만들려는 적극적인 자세가 참 돋보입니다."
12.0,수업중 질문 활동,적극적으로 질문함,104.0,"교사의 설명을 경청한 뒤, 꼭 한 번은 “그런데 이건요?” 하고 질문을 이어가는 모습이 인상 깊습니다. 생각을 확장하려는 의지가 강하고, 이를 조리 있게 표현해내는 능력 또한 훌륭합니다."
13.0,수업중 질문 활동,적극적으로 질문함,109.0,"배운 내용을 자신만의 언어로 해석하고, 거기서 파생된 질문을 던지며 수업에 깊이 있는 흐름을 더해줍니다. 질문 하나에도 사고의 흔적이 묻어나 지적 성장이 활발히 이뤄지고 있음을 느낄 수 있습니다."
14.0,수업중 질문 활동,적극적으로 질문함,102.0,"궁금한 점을 주저하지 않고 말로 표현하는 능력이 뛰어나며, 교사와의 대화 속에서도 맥을 짚는 사고력이 엿보입니다. 질문을 통해 배우고자 하는 열정이 강해 수업 참여도가 매우 높습니다."
15.0,수업중 질문 활동,적극적으로 질문함,89.0,자신의 질문에 대해 교사가 답변을 마치기 전부터 다음 궁금증을 준비하고 있는 듯한 집중력이 느껴집니다. 학습의 흐름을 능동적으로 이끄는 태도가 참 인상적입니다.
16.0,수업중 질문 활동,적극적으로 질문함,98.0,"단순한 ‘왜요?’가 아닌, 논리적인 흐름을 따르며 던지는 질문들이 수업을 더욱 풍성하게 만듭니다. 스스로 사고를 전개할 줄 아는 힘이 잘 자라나고 있어, 매 수업이 기대됩니다."
17.0,수업중 질문 활동,적극적으로 질문함,103.0,"의문을 가질 줄 알고, 그것을 말로 잘 풀어내며 교사와 소통하는 방식이 매우 성숙합니다. 질문을 던지는 과정에서도 배움의 태도가 정중하고 진지해 학습 분위기에도 긍정적인 영향을 줍니다."
18.0,수업중 질문 활동,적극적으로 질문함,101.0,"질문을 단순히 지식 확인의 수단이 아닌, 학습에 대한 ‘탐구’로 접근하는 태도가 매우 인상 깊습니다. 교사 입장에서도 함께 사고의 깊이를 나눌 수 있어 수업이 즐거워지는 학생입니다."
19.0,수업중 질문 활동,적극적으로 질문함,90.0,"수업 흐름 속에서 맥락을 잘 짚어내고, 적절한 시점에 질문을 던지며 집중력을 끌어올리는 역할을 합니다. 교사와의 교류가 활발하고, 사고의 방향도 넓고 유연합니다."
20.0,수업중 질문 활동,적극적으로 질문함,98.0,"다른 친구들이 놓치는 부분을 질문을 통해 짚어주기도 하고, 배운 개념을 새로운 상황에 적용하려는 질문도 자주 던집니다. 사고력, 응용력, 표현력이 균형 있게 자라나고 있습니다."
21.0,수업중 질문 활동,적극적으로 질문함,99.0,"질문할 때마다 자신의 생각을 정리하고 논리적으로 연결해내려는 노력이 보입니다. 말 한마디에도 사고가 깃들어 있고, 교사와의 상호작용 속에서도 배우려는 의지가 뚜렷하게 느껴집니다."
22.0,수업중 질문 활동,적극적으로 질문함,100.0,배운 내용을 토대로 “그럼 이런 경우엔 어떻게 되나요?”와 같이 사고를 확장시키는 질문을 자주 던집니다. 단순히 외우는 것이 아니라 깊이 있게 이해하려는 태도가 매우 인상적입니다.
23.0,수업중 질문 활동,적극적으로 질문함,99.0,"교사의 질문에 반응하는 것을 넘어, 스스로 새로운 질문을 만들어낼 줄 압니다. 창의성과 주도성이 함께 느껴지는 학생으로, 학습을 대화처럼 자연스럽게 이끌어가는 능력이 뛰어납니다."
24.0,수업중 질문 활동,적극적으로 질문함,99.0,"수업중 자신의 손을 먼저 들고 질문하는 모습이 자주 관찰되며, 짧은 질문 하나에도 정확하고 구체적인 사고가 담겨 있습니다. 질문을 통한 학습의 즐거움을 잘 알고 있는 아이입니다."
25.0,수업중 질문 활동,적극적으로 질문함,105.0,"호기심이 많은 만큼 질문도 다양하고, 상황을 연결지어 생각하는 힘이 강합니다. 교사와의 대화 속에서 단순한 정보 습득이 아니라 사고의 흐름을 만들어가는 과정이 매우 잘 이루어지고 있습니다."
26.0,수업중 질문 활동,적극적으로 질문함,102.0,교사와의 질문 응답에서 대화를 이어가는 능력이 돋보입니다. 한 가지 질문에 대한 답을 들은 뒤 다시 연결된 질문을 이어가는 모습은 지적 탐구력과 자기표현력이 모두 뛰어남을 보여줍니다.
27.0,수업중 질문 활동,적극적으로 질문함,95.0,"질문할 때마다 조리 있고 정확한 표현을 사용하며, 답변을 듣고 고개를 끄덕이는 태도에서도 배움에 대한 열정이 느껴집니다. 학습과 소통이 연결되어 있는 이상적인 모습입니다."
28.0,수업중 질문 활동,적극적으로 질문함,94.0,"질문을 던지는 빈도뿐 아니라 그 질 또한 뛰어나, 수업 흐름에 활기를 불어넣는 역할을 합니다. 주체적으로 배우고자 하는 자세와 교사와의 상호작용 능력이 매우 우수합니다."
29.0,수업중 질문 활동,적극적으로 질문함,90.0,"자신이 궁금한 점을 솔직하게 표현하고, 다른 사람의 질문에서도 사고를 확장해가는 모습이 자주 보입니다. 배움을 두려워하지 않고 도전하는 태도가 강하게 느껴집니다."
30.0,수업중 질문 활동,적극적으로 질문함,95.0,"수업중 질문하는 목소리 하나하나에 진지함과 흥미가 느껴지며, 교사와의 대화가 마치 지적 탐험처럼 이어집니다. 학습에 대한 주도권을 스스로 쥐고 있는 모습이 정말 멋집니다."
1.0,수업중 질문 활동,소극적이지만 대답은 잘함,112.0,"질문을 던지는 데에는 다소 조심스러운 편이지만, 교사의 질문에는 성실하게 반응하고자 하는 태도가 잘 보입니다. 이 시기에는 대부분 아이들이 그런 과정을 거치기에, 자연스럽게 유도하며 지도하고 있습니다."
2.0,수업중 질문 활동,소극적이지만 대답은 잘함,113.0,"자발적인 질문은 아직 적지만, 수업중 교사의 질문에 대답하거나 반응하는 모습은 꾸준히 관찰됩니다. 아이 스스로도 조금씩 자신감을 쌓아가는 중이며, 무리하지 않게 자연스러운 흐름 속에서 유도하고 있습니다."
3.0,수업중 질문 활동,소극적이지만 대답은 잘함,118.0,"질문을 먼저 하진 않지만, 교사의 말을 잘 듣고 이해한 뒤 반응하는 태도가 안정적입니다. 점차 말로 표현하는 폭이 넓어지고 있어, 이 시기엔 오히려 조심스러운 태도가 긍정적인 기반이 될 수 있다고 보고 있습니다."
4.0,수업중 질문 활동,소극적이지만 대답은 잘함,118.0,"아직 궁금한 점을 바로 질문하진 않지만, 교사의 질문에는 정확하고 또렷하게 반응하는 모습을 자주 보여줍니다. 아이의 성향을 고려해 무리한 자극 없이, 스스로 표현할 수 있는 환경을 조심스럽게 만들어가고 있습니다."
5.0,수업중 질문 활동,소극적이지만 대답은 잘함,115.0,"학습에 대한 이해도는 높은 편이지만, 의견이나 질문을 표현하는 데 소극적인 모습입니다. 교사의 질문에는 잘 답변하며, 점차 자신만의 방식으로 의견을 말로 표현해 가는 중입니다. 좋은 흐름으로 보고 있습니다."
6.0,수업중 질문 활동,소극적이지만 대답은 잘함,118.0,"수업중 스스로 질문하는 일은 드물지만, 교사의 질문에 빠르고 또렷하게 반응하는 모습이 일관되게 보입니다. 조심스러운 성향이 반영된 것으로 보고 있으며, 학원에서도 긍정적인 분위기 속에서 조금씩 유도하고 있습니다."
7.0,수업중 질문 활동,소극적이지만 대답은 잘함,115.0,"자신의 궁금증을 말로 표현하는 데에는 시간이 걸리는 편이지만, 교사의 질문에는 적극적으로 반응하고 있습니다. 대부분의 아이들이 이런 과정을 거치며 자신을 표현하는 법을 익히기에, 천천히 이끌어가고 있습니다."
8.0,수업중 질문 활동,소극적이지만 대답은 잘함,113.0,"교사의 질문에 반응할 땐 자신 있게 말하지만, 스스로 질문을 던지는 일은 아직 자연스럽지 않은 모습입니다. 하지만 이는 흔한 발달 흐름으로 판단되며, 아이의 속도에 맞춰 표현력 확장을 도와주고 있습니다."
9.0,수업중 질문 활동,소극적이지만 대답은 잘함,115.0,"교사와의 상호작용은 잘 이루어지고 있으며, 주도적으로 질문하는 단계까지는 아직 시간이 필요해 보입니다. 무리하게 끌어내기보다는 아이의 정서와 학습 흐름을 존중하며, 자연스럽게 표현할 수 있도록 지도중입니다."
10.0,수업중 질문 활동,소극적이지만 대답은 잘함,109.0,"아이 스스로 질문하는 빈도는 많지 않지만, 교사의 질문에 귀기울이고 성실하게 응답하는 태도는 매우 안정적입니다. 이 시기에 흔히 보이는 조심스러움으로 보고 있으며, 긍정적인 방향으로 성장중입니다."
11.0,수업중 질문 활동,소극적이지만 대답은 잘함,114.0,"아직은 스스로 질문을 던지기보다는 교사의 질문에 반응하는 편이지만, 그 응답이 또렷하고 성실해 긍정적인 인상을 줍니다. 최근엔 짧은 의견 표현도 자연스럽게 시도하고 있어, 좋은 방향으로 나아가고 있습니다."
12.0,수업중 질문 활동,소극적이지만 대답은 잘함,117.0,"질문을 먼저 하진 않지만 교사의 질문에 대한 반응이 빠르고 명확해, 학습에 대한 이해도와 참여 의지를 충분히 보여주고 있습니다. 점차 자신의 생각을 말로 풀어내는 모습도 늘어나고 있어 매우 고무적인 흐름입니다."
13.0,수업중 질문 활동,소극적이지만 대답은 잘함,117.0,"다소 신중한 성격이지만 교사의 질문에 적극적으로 응답하며, 말하는 태도나 내용에서도 자신감이 느껴집니다. 최근에는 수업 내용에 대해 스스로 정리하려는 움직임도 보여 자기표현의 기반이 차곡차곡 쌓여가고 있습니다."
14.0,수업중 질문 활동,소극적이지만 대답은 잘함,112.0,"수업중 교사의 질문에 또박또박 대답하려는 태도에서 학습에 대한 집중도와 책임감이 잘 느껴집니다. 아직 질문을 먼저 하진 않지만, 긍정적인 반응을 자주 보여 향후 표현력 확장 가능성이 크다고 판단됩니다."
15.0,수업중 질문 활동,소극적이지만 대답은 잘함,111.0,"질문을 스스로 하진 않지만, 교사의 질문에 언제나 귀기울이고 성실하게 답하며 수업에 몰입하는 모습이 인상적입니다. 사고의 깊이가 충분히 느껴지며, 자신 있게 말하는 빈도도 점차 늘고 있어 기대됩니다."
16.0,수업중 질문 활동,소극적이지만 대답은 잘함,108.0,"아직 질문을 많이 하진 않지만, 교사와의 눈맞춤, 반응, 대답의 명료도 등을 보면 관계와 학습에 모두 긍정적인 신호가 분명히 있습니다. 천천히, 그러나 꾸준히 자기 표현이 자라고 있는 중입니다."
17.0,수업중 질문 활동,소극적이지만 대답은 잘함,105.0,"교사의 질문에 반응할 때마다 표현이 또렷하고 진지해, 언어 표현에 대한 기본적인 힘이 잘 잡혀 있는 상태입니다. 질문은 아직 조심스럽지만, 수업중 메모나 정리에서 사고력이 자주 엿보입니다."
18.0,수업중 질문 활동,소극적이지만 대답은 잘함,106.0,"스스로 질문하는 데에는 여전히 신중하지만, 교사의 피드백에 적극적으로 반응하고 수업 내내 진지하게 임합니다. 반응 속도와 언어 표현이 점차 유연해지고 있어 성장의 방향성이 매우 긍정적입니다."
19.0,수업중 질문 활동,소극적이지만 대답은 잘함,109.0,"예전보다 교사의 질문에 대한 반응이 훨씬 풍부해졌고, 감정 표현도 자연스러워지고 있습니다. 질문을 주도하지 않아도 교류와 참여 의지는 분명하며 조금씩 적극성의 폭이 넓어지고 있어 흐름이 좋습니다."
20.0,수업중 질문 활동,소극적이지만 대답은 잘함,109.0,"교사의 질문에 대답할 때는 늘 정돈된 태도를 보이며, 자신의 생각을 간결하게 전달하려는 모습이 안정적으로 형성되어 있습니다. 스스로 질문하지 않아도 수업 내 참여도와 의지는 매우 우수한 편입니다."
21.0,수업중 질문 활동,소극적이지만 대답은 잘함,105.0,"요즘 들어 교사의 질문에 대한 반응이 훨씬 더 자신감 있게 바뀌고 있으며, 말투와 표정에서도 여유가 느껴집니다. 곧 스스로도 질문을 시도할 수 있을 만큼 심리적 안정감이 형성되고 있습니다."
22.0,수업중 질문 활동,소극적이지만 대답은 잘함,114.0,"소리내어 표현하는 건 어려워하지만 교사의 질문에는 빠짐없이 반응하며, 내용 이해도도 매우 뛰어난 편입니다. 현재는 사고를 내면에서 정리하는 시기로 보이며, 표현력은 자연스럽게 뒤따를 것이라 보고 있습니다."
23.0,수업중 질문 활동,소극적이지만 대답은 잘함,106.0,"스스로 질문하진 않지만, 다른 친구의 질문이나 교사의 설명에도 귀를 기울이고 적극적으로 이해하려는 태도가 뚜렷합니다. 아직 표현은 적지만 내면의 사고는 깊고 단단하게 자라고 있는 과정입니다."
24.0,수업중 질문 활동,소극적이지만 대답은 잘함,108.0,"답변하는 순간에는 눈빛과 말투가 뚜렷하고 진지해, 언어적 표현력의 기반이 충분함을 알 수 있습니다. 학습 내용에 대한 흥미도 안정적으로 유지되고 있으며, 점차 질문으로도 확장될 가능성이 큽니다."
25.0,수업중 질문 활동,소극적이지만 대답은 잘함,108.0,"처음엔 질문에 대한 반응도 조심스러웠지만, 요즘은 교사의 질문에 자신 있게 대답하는 모습이 자주 보입니다. 수업 속 교류가 점점 자연스러워지고 있어, 표현의 확장은 시간 문제라고 보고 있습니다."
26.0,수업중 질문 활동,소극적이지만 대답은 잘함,112.0,"자발적으로 질문을 하지 않지만, 교사의 질문에 정확한 답변을 하고 내용을 논리적으로 정리하려는 노력이 보입니다. 그 안에 사고력이 잘 담겨 있어 언어적 발현만 안정되면 더욱 두드러질 것으로 기대합니다."
27.0,수업중 질문 활동,소극적이지만 대답은 잘함,108.0,"자기표현에 있어서 약간의 망설임은 있으나, 교사의 질문에는 늘 반응하려는 의지가 강하고, 주저하지 않는 점이 긍정적입니다. 최근엔 짧게나마 본인의 생각을 이야기하는 모습도 늘고 있어 기대됩니다."
28.0,수업중 질문 활동,소극적이지만 대답은 잘함,110.0,"수업중 교사의 질문에 빠르게 반응하며 자신의 생각을 또박또박 표현하는 모습이 인상적입니다. 질문 자체는 많지 않지만, 말의 밀도와 집중도가 높아 곧 자기주도적 표현으로도 연결될 수 있으리라 봅니다."
29.0,수업중 질문 활동,소극적이지만 대답은 잘함,112.0,"학습 태도는 매우 안정적이며, 교사와의 상호작용에서도 기본적인 반응과 참여가 잘 이뤄지고 있습니다. 질문을 먼저 하지 않더라도 듣고 이해하며 말로 표현하려는 태도에서 성장의 가능성이 충분히 느껴집니다."
30.0,수업중 질문 활동,소극적이지만 대답은 잘함,116.0,"질문은 조심스럽지만, 교사와의 짧은 질의응답 속에서도 사고의 흐름이 명확히 느껴집니다. 표현의 양보다 질이 우선된 시기로 보이며, 점차 말문이 열리는 흐름이 감지되고 있어 자연스럽게 확장될 것으로 기대합니다."
1.0,맺음말,좋은 흐름 유지 (일반적 맺음),116.0,"학습 기간 동안 성실한 태도로 꾸준히 노력하는 모습이 인상 깊었습니다. 수업 참여도와 학원 생활 모두 안정적으로 유지되고 있으며, 앞으로도 지금의 긍정적인 흐름을 이어갈 수 있도록 지도하겠습니다. 고맙습니다."
2.0,맺음말,좋은 흐름 유지 (일반적 맺음),118.0,"이번 기간 동안 꾸준히 수업에 임하며 안정적인 학습 흐름을 잘 이어왔습니다. 태도와 참여 모두 긍정적인 방향을 보이고 있으며, 지금의 좋은 리듬을 유지해 간다면 앞으로 더 큰 성장을 기대할 수 있을 것 같습니다."
3.0,맺음말,좋은 흐름 유지 (일반적 맺음),114.0,"학습에 대한 태도가 매우 성실하고 꾸준함이 느껴지는 기간이었습니다. 수업과 학원 생활 전반에서 안정감이 잘 유지되고 있어 흐뭇하게 지켜보고 있으며, 앞으로도 이 흐름을 잘 이어갈 수 있도록 지도하겠습니다."
4.0,맺음말,좋은 흐름 유지 (일반적 맺음),115.0,"항상 진지한 자세로 수업에 임하며 성실한 학습 태도를 보여주고 있습니다. 전반적인 생활에서도 안정감이 느껴지며, 이러한 긍정적인 흐름을 꾸준히 유지해 나간다면 앞으로 더욱 의미 있는 성장이 가능할 것입니다."
5.0,맺음말,좋은 흐름 유지 (일반적 맺음),114.0,"이번 학습 기간 동안 적극적이고 성실한 태도가 돋보였으며, 수업 흐름을 잘 따라가려는 노력이 꾸준히 느껴졌습니다. 현재의 좋은 흐름을 이어갈 수 있도록 학원에서도 지속적인 관심과 지도를 아끼지 않겠습니다."
6.0,맺음말,좋은 흐름 유지 (일반적 맺음),111.0,"수업에 대한 집중력과 태도가 안정적으로 유지되었고, 학원 생활에서도 바람직한 흐름을 보여주고 있습니다. 지금처럼 성실한 자세를 이어간다면 앞으로 더 큰 발전이 기대됩니다. 잘 해주고 있어 고맙습니다."
7.0,맺음말,좋은 흐름 유지 (일반적 맺음),103.0,학습 과정 전반에 걸쳐 성실한 태도와 책임감 있는 참여가 꾸준히 유지되고 있어 매우 인상 깊었습니다. 이 좋은 흐름이 흔들리지 않도록 학원에서도 지속적으로 격려하고 지도해 나가겠습니다.
8.0,맺음말,좋은 흐름 유지 (일반적 맺음),105.0,"이번 기간은 학습 태도와 참여도 면에서 매우 안정적인 모습을 보여주었습니다. 학원 생활에서도 긍정적인 흐름이 잘 유지되고 있어 흐뭇하게 지켜보고 있으며, 앞으로도 기대되는 부분이 많습니다."
9.0,맺음말,좋은 흐름 유지 (일반적 맺음),109.0,"전반적으로 수업에 잘 몰입하고 있고, 학원 생활에서도 큰 무리 없이 안정된 태도를 보여주고 있습니다. 현재의 학습 리듬을 계속 이어갈 수 있도록 잘 이끌어 나가겠습니다. 앞으로가 더욱 기대됩니다."
10.0,맺음말,좋은 흐름 유지 (일반적 맺음),111.0,"학습에 대한 의욕과 책임감이 잘 드러났던 시기였으며, 성실한 태도로 수업에 임하는 모습이 인상 깊었습니다. 학원 생활 전반도 매우 안정적이어서, 앞으로 더욱 좋은 성과를 기대할 수 있을 것 같습니다."
11.0,맺음말,좋은 흐름 유지 (일반적 맺음),106.0,학습에 꾸준히 집중하며 바른 태도를 유지한 모습이 무척 인상 깊었습니다. 전반적인 학원 생활도 매우 원만하게 이뤄지고 있어 긍정적인 흐름이라 판단됩니다. 이 리듬을 지속적으로 이어가겠습니다.
12.0,맺음말,좋은 흐름 유지 (일반적 맺음),115.0,학습 기간 동안 수업에 성실하고 집중력 있는 태도를 꾸준히 보여주었습니다. 학원 생활 전반에서도 안정감 있게 잘 적응하고 있어 앞으로의 성장이 더욱 기대됩니다. 지금의 좋은 흐름을 지속적으로 이어가겠습니다.
13.0,맺음말,좋은 흐름 유지 (일반적 맺음),116.0,"매 시간 진지한 자세로 수업에 임하며, 자신의 루틴을 잘 지켜가는 모습이 인상 깊었습니다. 학습 태도와 학원 생활 모두 긍정적인 흐름을 유지하고 있어 앞으로 더욱 의미 있는 성장이 이루어질 것으로 기대됩니다."
14.0,맺음말,좋은 흐름 유지 (일반적 맺음),105.0,"꾸준한 태도로 수업에 참여하며 자신의 학습 속도를 안정적으로 유지하고 있습니다. 전반적인 생활 적응도 원만하고, 긍정적인 흐름이 계속 이어지고 있어 앞으로도 지금과 같은 모습이 기대됩니다."
15.0,맺음말,좋은 흐름 유지 (일반적 맺음),117.0,"수업에 대한 몰입도와 태도가 성실하며, 일관된 자세로 학습에 임하는 모습이 보기 좋습니다. 학원 생활에도 잘 적응하고 있어 무리 없이 좋은 흐름을 유지 중이며, 앞으로도 차분한 성장이 이어질 것으로 기대됩니다."
16.0,맺음말,좋은 흐름 유지 (일반적 맺음),113.0,"학습에 대한 태도가 성실하고 꾸준한 노력이 느껴지는 시기였습니다. 학원 생활에서도 관계와 참여 모두 안정감 있게 유지되고 있어, 지금처럼 흔들림 없이 리듬을 지켜간다면 충분한 성장을 기대할 수 있습니다."
17.0,맺음말,좋은 흐름 유지 (일반적 맺음),109.0,"수업에 대한 집중도와 성실성이 잘 유지되고 있으며, 학원에서의 생활 태도 역시 바람직하게 자리잡고 있습니다. 현재의 흐름을 꾸준히 이어갈 수 있도록 지속적인 격려와 관심을 바탕으로 함께하겠습니다."
18.0,맺음말,좋은 흐름 유지 (일반적 맺음),107.0,"수업에 성실히 참여하고 있으며, 학습에 대한 태도 또한 안정적으로 유지되고 있어 흐뭇하게 지켜보고 있습니다. 지금의 좋은 흐름을 계속 이어갈 수 있도록 학원에서도 책임감을 갖고 지도하겠습니다."
19.0,맺음말,좋은 흐름 유지 (일반적 맺음),99.0,"학습에 대한 태도가 전반적으로 성숙해지고 있고, 수업에 몰입하려는 노력이 안정적으로 유지되고 있습니다. 현재의 흐름을 소중히 이어가며, 앞으로의 성장이 더욱 기대되는 시기입니다."
20.0,맺음말,좋은 흐름 유지 (일반적 맺음),106.0,"이번 기간 동안 학습 태도와 생활 전반에서 긍정적인 흐름이 꾸준히 유지되고 있습니다. 수업 참여도와 적응력 모두 좋은 상태이며, 지금의 리듬을 유지하며 한 단계 더 성장해 나가길 기대합니다."
21.0,맺음말,좋은 흐름 유지 (일반적 맺음),109.0,"학원 생활에 안정적으로 적응하며 수업에도 책임감 있는 자세로 참여하고 있습니다. 학습에 대한 의욕이 유지되고 있어 긍정적인 흐름으로 판단되며, 앞으로도 성장을 잘 이어갈 수 있도록 지원하겠습니다."
22.0,맺음말,좋은 흐름 유지 (일반적 맺음),106.0,"성실한 태도로 수업에 임하며 긍정적인 학습 분위기를 잘 형성해주고 있습니다. 학원 생활도 원만히 이루어지고 있어, 전반적인 흐름이 안정적입니다. 이러한 좋은 패턴이 계속 이어지길 기대합니다."
23.0,맺음말,좋은 흐름 유지 (일반적 맺음),108.0,"학습과 생활 전반에서 차분하고 안정된 모습이 지속적으로 관찰되고 있습니다. 교사와의 관계도 잘 유지되고 있으며, 이 좋은 흐름을 발판 삼아 더욱 성장할 수 있도록 지속적인 관심을 기울이겠습니다."
24.0,맺음말,좋은 흐름 유지 (일반적 맺음),109.0,"수업에 대한 태도, 집중력, 학원 생활의 균형이 잘 맞춰져 있어 매우 흐뭇하게 지켜보고 있습니다. 전반적으로 안정된 흐름을 이어가고 있어, 앞으로도 이 리듬을 기반으로 더 나은 성장을 기대합니다."
25.0,맺음말,좋은 흐름 유지 (일반적 맺음),109.0,"이번 학습 기간은 전체적으로 학습과 생활 모두에서 긍정적인 흐름을 유지한 시기로 보입니다. 성실한 자세가 돋보이며, 지금처럼 차분하게 리듬을 지켜간다면 앞으로도 더욱 좋은 결과가 이어질 것입니다."
26.0,맺음말,좋은 흐름 유지 (일반적 맺음),112.0,"학습에 대한 꾸준한 태도와 몰입도가 매우 안정적으로 유지되고 있으며, 학원 생활 전반에서도 긍정적인 흐름이 감지됩니다. 아이의 성장을 지속적으로 응원하며 좋은 방향으로 이어갈 수 있도록 지도하겠습니다."
27.0,맺음말,좋은 흐름 유지 (일반적 맺음),96.0,"수업에 잘 집중하고 있으며, 학습에 대한 책임감이 자리를 잡아가고 있는 모습이 인상적입니다. 생활 전반에서도 안정적인 흐름을 보여주고 있어 앞으로의 성장이 더욱 기대됩니다."
28.0,맺음말,좋은 흐름 유지 (일반적 맺음),102.0,"이번 기간은 학습과 생활 모두에서 균형 있는 태도를 유지하며 안정적인 흐름을 보인 시기였습니다. 지금의 긍정적인 리듬을 지켜가며, 한 단계씩 차분히 성장해가는 과정이 더욱 기대됩니다."
29.0,맺음말,좋은 흐름 유지 (일반적 맺음),107.0,"학습에 대한 꾸준함과 성실함이 잘 유지되고 있으며, 수업에 몰입하는 모습도 안정적으로 자리잡았습니다. 학원 생활 전반에 있어서도 무리 없이 잘 적응하고 있어, 앞으로의 흐름이 더욱 기대됩니다."
30.0,맺음말,좋은 흐름 유지 (일반적 맺음),106.0,교실 안에서 보여주는 태도와 학습에 대한 자세 모두에서 긍정적인 흐름이 잘 유지되고 있습니다. 현재의 성실함과 집중력을 바탕으로 앞으로도 좋은 성장으로 이어질 수 있도록 함께 지도하겠습니다.
1.0,맺음말,조금 흔들리다 다시 회복되는 중,115.0,"한동안 학습 흐름이 살짝 흔들리는 모습이 있었으나, 다시 안정적인 흐름을 찾아가고 있습니다. 수업 집중도와 태도 모두 긍정적으로 회복되는 중이며, 이 좋은 흐름이 계속 이어질 수 있도록 잘 이끌어가겠습니다."
2.0,맺음말,조금 흔들리다 다시 회복되는 중,109.0,"중간에 약간의 기복은 있었지만, 현재는 수업에 집중하려는 태도가 다시 살아나고 있습니다. 회복 속도가 빠르고 반응도 좋아져 흐름이 점차 안정되고 있으며, 앞으로의 성장이 더욱 기대되는 시점입니다."
3.0,맺음말,조금 흔들리다 다시 회복되는 중,112.0,"잠시 학습 리듬이 불안정했던 시기가 있었지만, 최근 들어 수업 태도와 참여도에서 긍정적인 변화가 확연히 느껴지고 있습니다. 앞으로도 지금의 회복 흐름을 유지할 수 있도록 세심하게 살피며 지도하겠습니다."
4.0,맺음말,조금 흔들리다 다시 회복되는 중,111.0,"이전보다 수업에 몰입하는 시간이 늘어나고 있으며, 태도에서도 한층 더 안정감이 느껴집니다. 잠시 흔들렸던 시기를 잘 지나 회복되고 있는 과정이라 판단되며, 이 흐름이 이어질 수 있도록 격려하겠습니다."
5.0,맺음말,조금 흔들리다 다시 회복되는 중,109.0,"일시적인 집중력 저하가 있었지만, 최근에는 다시 본래의 성실한 태도를 회복하고 있습니다. 학습에 대한 태도가 조금씩 살아나고 있어 흐름이 좋아지고 있으며, 긍정적인 방향으로 계속 이끌어가겠습니다."
6.0,맺음말,조금 흔들리다 다시 회복되는 중,110.0,"한동안 학습에 대한 동기나 흐름이 약간 낮아졌던 시기가 있었으나, 현재는 수업 참여와 반응에서 회복의 기미가 뚜렷합니다. 아이의 속도에 맞춰 꾸준히 격려하며, 안정적인 리듬을 이어가도록 하겠습니다."
7.0,맺음말,조금 흔들리다 다시 회복되는 중,110.0,"최근 들어 수업 참여도와 집중력 모두에서 좋은 흐름으로 회복되고 있습니다. 잠시 흔들렸던 시기도 있었지만, 전반적으로 다시 자기 리듬을 찾고 있는 모습이며, 긍정적인 방향으로 자리잡아가는 중입니다."
8.0,맺음말,조금 흔들리다 다시 회복되는 중,111.0,"초반보다 집중력과 수업 몰입도가 회복된 모습이 관찰되고 있으며, 수업 태도도 다시 안정되어 가는 중입니다. 약간의 흔들림은 성장 과정의 일부로 보고 있으며, 학원에서도 잘 살피며 이끌어가고 있습니다."
9.0,맺음말,조금 흔들리다 다시 회복되는 중,111.0,"중간에 소폭의 기복이 있었지만, 현재는 전반적인 흐름이 회복되고 있어 흐뭇하게 지켜보고 있습니다. 다시금 안정된 학습 태도가 자리잡아가고 있어, 이 좋은 변화가 유지될 수 있도록 함께 지도하겠습니다."
10.0,맺음말,조금 흔들리다 다시 회복되는 중,112.0,"학습 리듬이 다소 주춤했던 시기가 있었으나, 최근에는 태도와 반응 모두 긍정적으로 회복 중입니다. 아이 스스로 균형을 찾아가는 중으로 보이며, 흐름이 무너지지 않도록 꾸준한 관심과 격려를 더하겠습니다."
11.0,맺음말,조금 흔들리다 다시 회복되는 중,111.0,"최근 들어 학습 흐름이 점차 회복되고 있으며, 수업에 대한 몰입도도 다시 살아나고 있습니다. 일시적인 흔들림은 누구나 겪는 과정이라 판단되며, 안정적인 방향으로 잘 자리잡아가고 있어 더욱 기대됩니다."
12.0,맺음말,조금 흔들리다 다시 회복되는 중,112.0,"한동안 집중력의 기복이 있었지만, 최근 수업에 임하는 자세가 안정되며 긍정적인 흐름을 회복하는 중입니다. 좋은 리듬이 형성되고 있으며, 이 분위기를 유지할 수 있도록 관심과 격려를 계속 이어가겠습니다."
13.0,맺음말,조금 흔들리다 다시 회복되는 중,106.0,"수업 참여 태도에서 점점 더 집중하는 모습이 자주 관찰되고 있습니다. 잠시 흔들렸던 시기를 잘 지나고 있으며, 지금의 회복세를 바탕으로 더욱 탄탄한 학습 기반을 다져갈 수 있도록 돕겠습니다."
14.0,맺음말,조금 흔들리다 다시 회복되는 중,110.0,"약간의 기복이 있었던 시기를 지나 최근에는 다시 성실한 태도로 수업에 참여하는 모습이 관찰되고 있습니다. 아이의 학습 리듬이 다시 안정되어 가는 과정이며, 학원에서도 지속적으로 잘 이끌어가겠습니다."
15.0,맺음말,조금 흔들리다 다시 회복되는 중,106.0,"일시적인 흐름의 저하가 있었지만, 교사와의 관계와 수업 반응 모두에서 회복의 흐름이 뚜렷합니다. 앞으로 더 좋아질 수 있도록 정서적인 지지와 함께 학습 리듬을 안정적으로 유지해 나가겠습니다."
16.0,맺음말,조금 흔들리다 다시 회복되는 중,102.0,"중간중간 살짝씩 흔들리는 모습이 관찰되기도 했지만, 최근에는 몰입도가 다시 회복되며 수업 흐름을 잘 따라가고 있습니다. 꾸준한 관찰과 피드백을 통해 더 나은 방향으로 이끌어가겠습니다."
17.0,맺음말,조금 흔들리다 다시 회복되는 중,102.0,"한동안 학습에 대한 동기 유지가 쉽지 않았던 듯 보이지만, 현재는 다시 주의가 집중되고 있습니다. 흐름이 좋아지고 있으며, 학원에서도 아이의 변화를 면밀히 관찰하며 지도하고 있습니다."
18.0,맺음말,조금 흔들리다 다시 회복되는 중,114.0,"수업중 집중력이 눈에 띄게 회복되고 있고, 수업에 대한 태도에서도 안정적인 흐름이 감지되고 있습니다. 일시적인 기복은 성장 과정의 일부로 판단되며, 좋은 방향으로 이어지고 있어 흐뭇하게 지켜보고 있습니다."
19.0,맺음말,조금 흔들리다 다시 회복되는 중,102.0,"초반에는 약간의 리듬 변화가 있었으나, 현재는 수업 참여도와 집중력이 서서히 회복되고 있습니다. 변화의 흐름이 긍정적인 만큼 학원에서도 지속적으로 격려하며 좋은 흐름을 이어가겠습니다."
20.0,맺음말,조금 흔들리다 다시 회복되는 중,106.0,"최근 들어 수업 시간의 집중도가 높아지고 있으며, 이전보다 학습 태도가 안정된 모습으로 회복되고 있습니다. 아이의 속도를 존중하며 차분히 이끌어가고 있으며, 앞으로의 변화가 더욱 기대됩니다."
21.0,맺음말,조금 흔들리다 다시 회복되는 중,106.0,"일시적으로 흐름이 느슨해졌던 시기도 있었지만, 수업 속 반응과 참여에서 점차 활기를 되찾고 있습니다. 아이가 스스로 균형을 찾아가는 과정으로 보고 있으며, 잘 성장해 나가고 있어 흐뭇합니다."
22.0,맺음말,조금 흔들리다 다시 회복되는 중,103.0,약간의 정체기를 지나 최근엔 몰입도와 표현력이 조금씩 살아나고 있어 흐름이 긍정적입니다. 이 좋은 변화가 계속 이어질 수 있도록 따뜻하게 지켜보며 안정적인 리듬 형성을 도울 예정입니다.
23.0,맺음말,조금 흔들리다 다시 회복되는 중,105.0,"최근 수업 참여에 점점 더 집중하는 모습이 자주 관찰되고 있습니다. 흔들렸던 시기를 잘 이겨내고 있으며, 다시 리듬을 찾는 과정이 자연스럽게 진행되고 있어 매우 고무적인 변화로 판단됩니다."
24.0,맺음말,조금 흔들리다 다시 회복되는 중,99.0,"한동안 수업 참여가 느슨한 시기가 있었지만, 현재는 안정적인 반응과 참여를 보이며 다시 본래의 흐름으로 회복되고 있습니다. 이 좋은 분위기를 이어갈 수 있도록 잘 도와가겠습니다."
25.0,맺음말,조금 흔들리다 다시 회복되는 중,107.0,"학습 태도가 다소 분산되었던 시기가 있었지만, 최근에는 한결 더 차분해지고 몰입도 높은 모습을 보여주고 있습니다. 성장을 위한 자연스러운 흐름으로 보고 있으며, 현재는 안정적으로 회복중입니다."
26.0,맺음말,조금 흔들리다 다시 회복되는 중,102.0,"집중력과 태도 면에서 일시적인 흔들림은 있었으나, 최근엔 다시 흐름이 회복되며 진지한 학습 태도를 보이고 있습니다. 아이의 성장을 기다려주며 좋은 흐름을 이어갈 수 있도록 돕겠습니다."
27.0,맺음말,조금 흔들리다 다시 회복되는 중,95.0,"약간의 기복이 있었지만, 전반적으로 다시 집중력이 살아나고 수업 태도도 안정되고 있습니다. 학습 흐름이 점차 제자리를 찾아가고 있어, 앞으로의 성장이 기대되는 시기입니다."
28.0,맺음말,조금 흔들리다 다시 회복되는 중,103.0,"최근 들어 수업중 태도가 조금씩 회복되며 안정적인 리듬을 되찾고 있습니다. 전보다 몰입도도 좋아지고 있으며, 현재 흐름이 매우 긍정적이라 학원에서도 격려와 지원을 아끼지 않고 있습니다."
29.0,맺음말,조금 흔들리다 다시 회복되는 중,104.0,"한동안 흔들림이 있었지만, 수업에 임하는 자세가 다시 정돈되며 학습에 대한 의욕이 회복되고 있습니다. 흐름이 안정되고 있어, 이 좋은 분위기를 지속적으로 이어갈 수 있도록 노력하겠습니다."
30.0,맺음말,조금 흔들리다 다시 회복되는 중,101.0,"중간에 리듬이 살짝 느슨해졌던 시기를 지나, 최근엔 다시 집중력과 참여도가 높아지고 있습니다. 현재는 학습 흐름이 점차 회복되는 단계로, 앞으로 더 나은 모습이 기대되는 상황입니다."
1.0,맺음말,반편성 등 시간 변화 예고,108.0,"학생 개별 학습 성취도에 맞춘 보다 효과적인 수업 운영을 위해, 곧 반편성 조정을 진행할 예정입니다. 자세한 내용은 별도의 가정통신문 또는 개별 안내를 통해 전달드릴 예정이니 참고 부탁드립니다."
2.0,맺음말,반편성 등 시간 변화 예고,101.0,효율적인 수업 환경 조성을 위해 학습 성취도를 기반으로 반편성을 새롭게 조정할 계획입니다. 구체적인 안내는 개별 연락 또는 가정통신문을 통해 안내드릴 예정이니 참고해주시기 바랍니다.
3.0,맺음말,반편성 등 시간 변화 예고,102.0,"학생의 학습 흐름과 성장을 고려하여 반편성을 조정하고자 하며, 이는 보다 맞춤형 수업을 위한 조치입니다. 구체적인 내용은 별도로 개별 안내 또는 가정통신문을 통해 전달드릴 예정입니다."
4.0,맺음말,반편성 등 시간 변화 예고,89.0,아이들의 성취도와 학습 리듬에 적합한 수업 구성을 위해 반편성을 조정할 예정입니다. 관련된 자세한 사항은 가정통신문 또는 개별 연락을 통해 안내드릴 계획입니다.
5.0,맺음말,반편성 등 시간 변화 예고,100.0,"수업의 집중도와 학습 효과를 높이기 위해, 조만간 학습 성취도에 기반한 반편성 조정을 실시할 계획입니다. 이에 따른 내용은 별도 안내문 또는 개별 연락으로 상세히 전달드리겠습니다."
6.0,맺음말,반편성 등 시간 변화 예고,102.0,"학생 개별 수준에 맞는 수업 구성을 위해 반편성 조정을 진행할 예정입니다. 이는 보다 체계적인 학습 지원을 위한 조치이며, 관련 안내는 추후 가정통신문 또는 개별 안내로 드리겠습니다."
7.0,맺음말,반편성 등 시간 변화 예고,96.0,앞으로 학생의 성취도와 수업 참여도를 반영한 새로운 반편성이 진행될 예정입니다. 해당 내용은 별도의 안내문이나 개별 연락을 통해 정확히 전달드릴 예정이니 참고 부탁드립니다.
8.0,맺음말,반편성 등 시간 변화 예고,88.0,아이들의 학습 효과를 높이기 위한 수업 운영 개선의 일환으로 반편성을 조정할 계획입니다. 추후 구체적인 안내는 가정통신문 또는 개별 연락으로 전달드리겠습니다.
9.0,맺음말,반편성 등 시간 변화 예고,105.0,"학생들의 학습 성취도와 수업 적응도를 고려해, 향후 반편성 조정을 예정하고 있습니다. 수업 집중도 향상과 효과적인 맞춤형 지도 차원에서의 조치이며, 관련 내용은 개별로 안내드릴 예정입니다."
10.0,맺음말,반편성 등 시간 변화 예고,99.0,학습 흐름과 수준에 맞는 보다 정밀한 수업 구성을 위해 반편성 조정을 계획하고 있습니다. 변경 사항은 가정통신문 또는 개별 연락을 통해 신중하게 안내드릴 예정이니 참고 바랍니다.
1.0,맺음말,평가 시험 예고,101.0,학생의 학습 성취도와 이해도를 점검하기 위한 평가 시험을 예정하고 있습니다. 정확한 일정과 세부 내용은 가정통신문 또는 개별 안내를 통해 추후 전달드릴 예정이오니 참고 부탁드립니다.
2.0,맺음말,평가 시험 예고,92.0,"조만간 학습 내용을 점검하는 평가 시험이 진행될 예정입니다. 이는 학습 흐름을 확인하고 향후 지도를 위한 참고 자료로 활용되며, 자세한 사항은 별도 안내드리겠습니다."
3.0,맺음말,평가 시험 예고,89.0,학생의 학습 성과를 점검하고자 평가 시험을 계획하고 있습니다. 시험과 관련한 구체적인 일정 및 범위는 추후 가정통신문이나 개별 연락을 통해 안내드릴 예정입니다.
4.0,맺음말,평가 시험 예고,82.0,학습 진단 및 성취도 확인을 위해 평가 시험이 곧 실시될 예정입니다. 이에 대한 자세한 내용은 추후 별도의 공지나 개별 안내로 전달드릴 계획입니다.
5.0,맺음말,평가 시험 예고,89.0,아이의 현재 학습 이해도를 파악하고 맞춤형 지도를 위한 기초 자료 확보를 위해 평가 시험을 준비중입니다. 시험과 관련된 사항은 추후 자세히 안내드릴 예정입니다.
6.0,맺음말,평가 시험 예고,89.0,곧 학생의 학습 상태를 종합적으로 살펴보기 위한 평가 시험이 진행될 예정입니다. 시험의 내용과 일정은 추후 가정통신문 또는 개별 안내로 정확히 전달드리겠습니다.
7.0,맺음말,평가 시험 예고,82.0,학습 흐름을 점검하고 향후 수업 운영에 반영하기 위해 평가 시험을 실시할 계획입니다. 세부 사항은 추후 별도 안내드릴 예정이오니 참고 부탁드립니다.
8.0,맺음말,평가 시험 예고,91.0,학생의 학습 진행 상황을 확인하고 향후 보완 방향을 설정하기 위해 평가 시험을 예정하고 있습니다. 자세한 일정과 내용은 추후 별도 공지를 통해 안내드릴 예정입니다.
9.0,맺음말,평가 시험 예고,85.0,조만간 아이들의 학습 성취도를 객관적으로 점검하는 평가 시험이 진행될 예정입니다. 시험 관련 안내는 별도의 공지 또는 개별 연락으로 전달드릴 계획입니다.
10.0,맺음말,평가 시험 예고,91.0,아이의 학습 이해도를 바탕으로 향후 지도를 계획하고자 평가 시험을 준비하고 있습니다. 시험 일정 및 세부 안내는 추후 가정통신문 또는 개별 안내로 드릴 예정입니다.
1.0,맺음말,학습 상담 예고,96.0,학생의 학습 상황과 앞으로의 방향에 대해 자세히 말씀드리고자 조만간 개별 학습 상담을 진행할 예정입니다. 상담 일정은 추후 개별적으로 안내드릴 예정이오니 참고 부탁드립니다.
2.0,맺음말,학습 상담 예고,109.0,아이의 학습 흐름과 변화에 대해 함께 논의드리고자 학습 상담을 예정하고 있습니다. 보다 효과적인 지도와 소통을 위한 시간이 될 수 있도록 준비하겠습니다. 상담 일정은 추후 별도로 안내드리겠습니다.
3.0,맺음말,학습 상담 예고,91.0,"자녀의 학습 상황과 성장을 함께 나누는 개별 상담을 계획중입니다. 학습 패턴과 향후 방향에 대해 상세히 말씀드릴 예정이며, 정확한 일정은 별도 안내드릴 예정입니다."
4.0,맺음말,학습 상담 예고,92.0,"아이의 학습에 대해 함께 소통드릴 수 있는 개별 상담을 준비중입니다. 최근 변화와 향후 지도 방향을 공유드릴 예정이며, 상담 일정은 추후 별도로 안내드릴 계획입니다."
5.0,맺음말,학습 상담 예고,89.0,학습 분석 내용을 바탕으로 보다 깊이 있는 상담을 통해 아이의 성장을 함께 논의드리고자 합니다. 상담 관련 일정 및 방식은 추후 개별적으로 연락드릴 예정입니다.
6.0,맺음말,학습 상담 예고,75.0,아이의 학습 태도와 성취도에 대해 함께 나누고자 조만간 개별 상담을 실시할 예정입니다. 상담 일정과 방식은 추후 개별 안내드리겠습니다.
7.0,맺음말,학습 상담 예고,94.0,"학생의 전반적인 학습 흐름과 생활 적응 상태를 함께 나누는 상담을 준비중입니다. 아이의 강점과 보완점에 대해 상세히 말씀드릴 예정이며, 일정은 추후 안내드릴 계획입니다."
8.0,맺음말,학습 상담 예고,91.0,"학습 전반에 대한 심층 상담을 통해 아이의 현재 흐름을 점검하고, 앞으로의 방향을 함께 계획드리고자 합니다. 상담은 개별 일정으로 진행되며, 추후 안내드리겠습니다."
9.0,맺음말,학습 상담 예고,104.0,"아이의 학습 과정 전반에 대해 논의드릴 상담을 예정하고 있습니다. 성실히 잘 따라오는 만큼, 보다 효과적인 방향 제시를 위해 꼭 필요한 시간이 될 것입니다. 일정은 추후 안내드리겠습니다."
10.0,맺음말,학습 상담 예고,102.0,"자녀의 학습 이해도, 태도, 성취 흐름 등을 바탕으로 함께 이야기 나눌 상담 시간을 준비하고 있습니다. 편안한 소통이 될 수 있도록 준비하겠으며, 정확한 일정은 추후 안내드리겠습니다."
1.0,맺음말,보충학습 계획,97.0,학생의 학습 이해도와 성취도 향상을 위해 별도의 보충 학습을 계획하고 있습니다. 관련 일정 및 운영 방식은 추후 가정통신문 또는 개별 안내를 통해 상세히 전달드릴 예정입니다.
2.0,맺음말,보충학습 계획,80.0,"보다 효과적인 학습 지원을 위해 보충 수업을 준비 중에 있습니다. 운영 대상 및 일정은 현재 조율 중이며, 정확한 내용은 별도 안내드리겠습니다."
3.0,맺음말,보충학습 계획,93.0,아이의 학습 흐름을 돕고 부족한 부분을 보완하기 위한 보충 학습을 계획하고 있습니다. 자세한 일정과 방식은 추후 가정통신문 또는 개별 연락을 통해 안내드릴 예정입니다.
4.0,맺음말,보충학습 계획,81.0,전반적인 학습 안정과 성장을 위해 일부 학생을 대상으로 보충 학습을 운영할 예정입니다. 관련된 내용은 별도로 안내드릴 예정이니 참고 부탁드립니다.
5.0,맺음말,보충학습 계획,84.0,"학습을 보다 깊이 있게 지원하기 위한 보충 수업을 계획하고 있으며, 학생 개별 상황에 따라 안내드릴 예정입니다. 구체적인 사항은 추후 공지드리겠습니다."
6.0,맺음말,보충학습 계획,91.0,학생별 학습 흐름과 이해도에 따라 보충 학습을 개별적으로 진행할 계획입니다. 보충 수업에 대한 세부 안내는 추후 가정통신문 또는 개별 연락을 통해 전달드리겠습니다.
7.0,맺음말,보충학습 계획,78.0,보충 학습이 필요한 학생을 중심으로 별도의 학습 지원 프로그램을 준비하고 있습니다. 관련 내용은 추후 개별적으로 상세히 안내드릴 예정입니다.
8.0,맺음말,보충학습 계획,79.0,"학습 내용을 보다 안정적으로 정착시키기 위해 보충 수업을 운영할 계획이며, 구체적인 운영 방식은 추후 안내드릴 예정입니다. 참고 부탁드립니다."
9.0,맺음말,보충학습 계획,87.0,학생의 학습 흐름을 유지하고 부족한 부분을 보완하기 위해 별도의 보충 학습을 진행할 예정입니다. 안내 시점에 맞춰 가정통신문 또는 개별 연락을 드리겠습니다.
10.0,맺음말,보충학습 계획,89.0,"개별 학습 상황에 따라 보충 학습이 운영될 수 있으며, 보다 효과적인 지원을 위한 조치입니다. 관련된 안내는 추후 공지 또는 개별 연락을 통해 드릴 예정입니다."
1.0,맺음말,기타 (공란),,
